SMILES,Bi Basic,Bi Acidic,Bioavailability
BrCCC(=O)N1CCN(CC1)C(=O)CCBr,1,0,1.0
Brc1c(NC2=NCCN2)ccc3nccnc13,1,0,1.0
Brc1ccc2NC(=O)CN=C(c3ccccn3)c2c1,1,1,1.0
C#CCN[C@@H]1CCc2ccccc12,1,0,1.0
C(COCCOCC1CO1)OCCOCC2CO2,0,0,1.0
C(Nc1ncnc2nc[nH]c12)c3occc3,1,0,1.0
C/C=C(c1ccc(O)cc1)/C(=C/C)c2ccc(O)cc2,0,1,1.0
C1CC(C2=NCCN2)c3ccccc3C1,1,0,1.0
C1CCC(CC1)C(CC2CCCCN2)C3CCCCC3,1,0,1.0
C1CCN(CC1)C2(CCCCC2)c3ccccc3,1,0,1.0
C1CCN2C[C@@H]3C[C@@H](CN4CCCC[C@H]34)[C@@H]2C1,1,0,1.0
C1CN1c2nc(nc(n2)N3CC3)N4CC4,1,0,1.0
C1CN2CCC1C(C2)CN3c4ccccc4Sc5ccccc35,1,0,1.0
C1CN=C(Cc2ccccc2)N1,1,0,1.0
C1CN=C(N1)C2CC2(c3ccccc3)c4ccccc4,1,0,1.0
C1CN=C(NC(C2CC2)C3CC3)O1,1,0,1.0
C1CNCCN1,1,0,1.0
C1COCCO1,0,0,1.0
C1N2CN3CN1CN(C2)C3,1,0,1.0
C=CN1CCCC1=O,1,0,
C=COC=C,0,0,1.0
C=O,0,0,1.0
CC#C[C@]1(O)CC[C@H]2[C@@H]3CCC4=CC(=O)CCC4=C3[C@H](C[C@]12C)c5ccc(cc5)N(C)C,1,1,1.0
CC(=C)C1CCC(=CC1)C,0,0,1.0
CC(=O)C(O)=O,0,1,1.0
CC(=O)C1(C)CCC2C3C=C(C)C4=CC(=O)CCC4(C)C3CCC12C,0,0,1.0
CC(=O)CC(c1ccc(cc1)[N+]([O-])=O)C2=C(O)Oc3ccccc3C2=O,0,1,1.0
CC(=O)CC(c1ccccc1)C2=C(O)Oc3ccccc3C2=O,0,1,1.0
CC(=O)CCC1C(=O)N(N(C1=O)c2ccccc2)c3ccccc3,1,1,1.0
CC(=O)N(CC(O)CN(C(C)=O)c1c(I)c(C(=O)NCC(O)CO)c(I)c(C(=O)NCC(O)CO)c1I)c2c(I)c(C(=O)NCC(O)CO)c(I)c(C(=O)NCC(O)CO)c2I,1,1,0.0
CC(=O)N(CC(O)CO)c1c(I)c(C(=O)NCC(O)CO)c(I)c(C(=O)NCC(O)CO)c1I,1,1,0.0
CC(=O)N(CC(O)CO)c1c(I)c(C(=O)NCCO)c(I)c(C(=O)NCC(O)CO)c1I,1,1,0.0
CC(=O)N(O)CCCCCNC(=O)CCC(=O)N(O)CCCCCNC(=O)CCC(=O)N(O)CCCCCN,1,1,0.0
CC(=O)N(c1onc(C)c1C)[S](=O)(=O)c2ccc(N)cc2,1,0,1.0
CC(=O)NC[C@H]1CN(C(=O)O1)c2ccc(N3CCOCC3)c(F)c2,1,1,1.0
CC(=O)NCc1c(I)c(NC(C)=O)c(I)c(C(O)=O)c1I,1,1,1.0
CC(=O)NO,0,1,1.0
CC(=O)N[C@@H]1C(O)O[C@H](CO)[C@@H](O)[C@@H]1O,1,1,1.0
CC(=O)N[C@@H]1[C@H](C=C(O[C@H]1[C@H](O)[C@H](O)CO)C(O)=O)N=C(N)N,1,1,0.0
CC(=O)N[S](=O)(=O)c1ccc(N)cc1,1,1,1.0
CC(=O)Nc1c(I)cc(I)c(C(O)=O)c1I,1,1,1.0
CC(=O)Nc1cc(ccc1O)[As]2SCC(CO)S2,1,1,1.0
CC(=O)Nc1ccc(O)cc1,1,1,1.0
CC(=O)Nc1ccc(cc1)/C=N/NC(N)=S,1,1,1.0
CC(=O)Nc1ccc(cc1)[S](Cl)(=O)=O,1,1,1.0
CC(=O)Nc1sc(nn1)[S](N)(=O)=O,1,1,1.0
CC(=O)OC1CN2CCC1CC2,1,0,1.0
CC(=O)OCC(=O)NCCCOc1cccc(CN2CCCCC2)c1,1,1,1.0
CC(=O)OCC(=O)[C@@]1(O)CC[C@H]2[C@@H]3CCC4=CC(=O)C=C[C@]4(C)[C@@]3(F)[C@@H](O)C[C@]12C,0,1,1.0
CC(=O)OCC(=O)[C@@]1(O)CC[C@H]2[C@@H]3CCC4=CC(=O)C=C[C@]4(C)[C@H]3[C@@H](O)C[C@]12C,0,1,1.0
CC(=O)OCC(=O)[C@@]1(O)CC[C@H]2[C@@H]3CCC4=CC(=O)CC[C@]4(C)C3=CC[C@]12C,0,1,1.0
CC(=O)OCC(=O)[C@@]1(O)CC[C@H]2[C@@H]3CCC4=CC(=O)CC[C@]4(C)[C@H]3C(=O)C[C@]12C,0,1,1.0
CC(=O)OCC(=O)[C@@]1(O)CC[C@H]2[C@@H]3CCC4=CC(=O)CC[C@]4(C)[C@H]3[C@@H](O)C[C@]12C,0,1,1.0
CC(=O)OCC(=O)[C@@]12N=C(C)O[C@@H]1C[C@H]3[C@@H]4CCC5=CC(=O)C=C[C@]5(C)[C@H]4[C@@H](O)C[C@]23C,1,1,1.0
CC(=O)OCC(=O)[C@@]12OC(C)(C)O[C@@H]1C[C@H]3[C@@H]4C[C@H](F)C5=CC(=O)C=C[C@]5(C)[C@@]4(F)[C@@H](O)C[C@]23C,0,1,1.0
CC(=O)OCC(CCn1cnc2cnc(N)nc12)COC(C)=O,1,0,1.0
CC(=O)OCC1=C(N2[C@H](SC1)[C@H](NC(=O)CC#N)C2=O)C(O)=O,1,1,1.0
CC(=O)O[C@@]1(CC[C@H]2[C@@H]3C=C(C)C4=CC(=O)CC[C@@H]4[C@H]3CC[C@]12C)C(C)=O,0,0,1.0
CC(=O)O[C@@]1(CC[C@H]2[C@@H]3C=C(C)C4=CC(=O)CC[C@]4(C)[C@H]3CC[C@]12C)C(C)=O,0,0,1.0
CC(=O)O[C@@]1(CC[C@H]2[C@@H]3C=C(Cl)C4=CC(=O)[C@@H]5C[C@@H]5[C@]4(C)[C@H]3CC[C@]12C)C(C)=O,0,0,1.0
CC(=O)O[C@@]12CO[C@@H]1C[C@H](O)[C@]3(C)[C@@H]2[C@H](OC(=O)c4ccccc4)[C@]5(O)C[C@H](OC(=O)[C@H](O)[C@@H](NC(=O)OC(C)(C)C)c6ccccc6)C(=C([C@@H](O)C3=O)C5(C)C)C,1,1,0.0
CC(=O)O[C@H]1C(=O)[C@]2(C)[C@@H](O)C[C@H]3OC[C@@]3(OC(C)=O)C2[C@H](OC(=O)c4ccccc4)[C@]5(O)C[C@H](OC(=O)[C@H](O)[C@@H](NC(=O)c6ccccc6)c7ccccc7)C(=C1C5(C)C)C,1,1,0.0
CC(=O)O[C@H]1CC[C@@H]2[C@H]3CC[C@@]4(C)[C@@H](CC[C@@]4(OC(C)=O)C#C)[C@@H]3CCC2=C1,0,0,1.0
CC(=O)O[C@H]1[C@@H](O)[C@H]2C(C)(C)CC[C@H](O)[C@]2(C)[C@@]3(O)C(=O)C[C@@](C)(O[C@]13C)C=C,0,1,1.0
CC(=O)O[C@]1(CC[C@H]2[C@@H]3CC=C4C=C(CC[C@@H]4[C@H]3CC[C@]12C)OC5CCCC5)C#C,0,0,1.0
CC(=O)Oc1cc(ccc1C(O)=O)C(F)(F)F,0,1,1.0
CC(=O)Oc1ccc(cc1)C(c2ccc(OC(C)=O)cc2)c3ccccn3,1,0,1.0
CC(=O)Oc1ccc(cc1)[C](=[C]2CC[CH2]CC2)c3ccc(OC(C)=O)cc3,0,0,1.0
CC(=O)Oc1ccc2C3CC[C@]4(C)[C@@H](O)CCC4C3CCc2c1,0,1,1.0
CC(=O)Oc1cccc2C(=O)c3cc(cc(OC(C)=O)c3C(=O)c12)C(O)=O,0,1,1.0
CC(=O)Oc1ccccc1C(=O)Nc2sc(cn2)[N+]([O-])=O,1,1,1.0
CC(=O)SCC(Cc1ccccc1)C(=O)NCC(=O)OCc2ccccc2,1,1,1.0
CC(=O)S[C@@H]1CC2=CC(=O)CC[C@]2(C)[C@H]3CC[C@@]4(C)[C@@H](CC[C@@]45CCC(=O)O5)[C@H]13,0,0,1.0
CC(=O)[C@@]1(O)CC[C@H]2[C@@H]3C=C(C)C4=CC(=O)CC[C@@H]4[C@H]3CC[C@]12C,0,1,1.0
CC(=O)[C@@]1(O)CC[C@H]2[C@@H]3CCC4=CC(=O)CC[C@]4(C)[C@H]3CC[C@]12C,0,1,1.0
CC(=O)[C@H]1CC[C@H]2[C@@H]3C=CC4=CC(=O)CC[C@@]4(C)[C@@H]3CC[C@]12C,0,0,1.0
CC(=O)[C@H]1CC[C@H]2[C@@H]3CC=C4C[C@@H](O)CC[C@]4(C)[C@H]3CC[C@]12C,0,1,1.0
CC(=O)[C@H]1CC[C@H]2[C@@H]3CCC4=CC(=O)CC[C@]4(C)[C@H]3CC[C@]12C,0,0,1.0
CC(=O)[C@H]1CC[C@H]2[C@@H]3CC[C@@H]4C[C@H](O)CC[C@]4(C)[C@H]3CC[C@]12C,0,1,1.0
CC(=O)[C@H]1CC[C@H]2[C@@H]3CC[C@H]4C[C@H](O)CC[C@]4(C)[C@H]3C(=O)C[C@]12C,0,1,1.0
CC(=O)c1ccc(cc1)[S](=O)(=O)NC(=O)NC2CCCCC2,1,1,1.0
CC(=O)c1ccc2Sc3ccccc3N(CCCN4CCN(CCO)CC4)c2c1,1,1,1.0
CC(C(O)=O)c1ccc(CC2CCCC2=O)cc1,0,1,1.0
CC(C(O)=O)c1ccc(N2CC=CC2)c(Cl)c1,1,1,1.0
CC(C(O)=O)c1ccc(c(F)c1)c2ccccc2,0,1,1.0
CC(C(O)=O)c1ccc(cc1)C(=O)c2sccc2,0,1,1.0
CC(C(O)=O)c1ccc2c([nH]c3ccc(Cl)cc23)c1,1,1,1.0
CC(C(O)=O)c1ccc2oc(nc2c1)c3ccc(Cl)cc3,1,1,1.0
CC(C(O)=O)c1cccc(Oc2ccccc2)c1,0,1,1.0
CC(C(O)=O)c1cccc(c1)C(=O)c2ccccc2,0,1,1.0
CC(C(O)=O)c1sc(cc1)C(=O)c2ccccc2,0,1,1.0
CC(C)(C#N)c1cc(Cn2cncn2)cc(c1)C(C)(C)C#N,1,0,1.0
CC(C)(C(O)=O)c1ccc(cc1)C(O)CCCN2CCC(CC2)C(O)(c3ccccc3)c4ccccc4,1,1,1.0
CC(C)(C)C(=O)C(Oc1ccc(Cl)cc1)n2ccnc2,1,0,1.0
CC(C)(C)C(=O)OCC(=O)C1CCC2C3CCC4=CC(=O)CCC4(C)C3CCC12C,0,0,1.0
CC(C)(C)C(=O)OCOC(=O)C1N2[C@H](SC1(C)C)[C@H](N=CN3CCCCCC3)C2=O,1,0,1.0
CC(C)(C)C(=O)OCO[P](=O)(COCCn1cnc2c(N)ncnc12)OCOC(=O)C(C)(C)C,1,0,0.0
CC(C)(C)C(=O)Oc1ccc(cc1)[S](=O)(=O)Nc2ccccc2C(=O)NCC(O)=O,1,1,1.0
CC(C)(C)C(O)/C=C/c1ccc2OCOc2c1,0,1,1.0
CC(C)(C)CC(=O)OCC(=O)[C@@]1(O)CC[C@H]2[C@@H]3CCC4=CC(=O)C=C[C@]4(C)[C@H]3[C@@H](O)C[C@]12C,0,1,1.0
CC(C)(C)CC(C)(C)c1ccc(O)c(Cc2ccc(Cl)cc2Cl)c1,0,1,1.0
CC(C)(C)NC(=O)[C@@H]1CN(CCN1C[C@@H](O)C[C@@H](Cc2ccccc2)C(=O)N[C@@H]3[C@H](O)Cc4ccccc34)Cc5cccnc5,1,1,0.0
CC(C)(C)NC(=O)[C@H]1CC[C@H]2[C@@H]3CC[C@H]4NC(=O)C=C[C@]4(C)[C@H]3CC[C@]12C,1,1,1.0
CC(C)(C)NCC(O)COc1ccc(NC(=O)NC2CCCCC2)cc1,1,1,1.0
CC(C)(C)NCC(O)COc1cccc2C[C@@H](O)[C@@H](O)Cc12,1,1,1.0
CC(C)(C)NCC(O)COc1cccc2NC(=O)CCc12,1,1,1.0
CC(C)(C)NCC(O)c1cc(Cl)c(N)c(Cl)c1,1,1,1.0
CC(C)(C)NCC(O)c1cc(O)cc(O)c1,1,1,1.0
CC(C)(C)NCC(O)c1ccc(O)c(CO)c1,1,1,1.0
CC(C)(C)NC[C@@H](O)COc1ccccc1C2CCCC2,1,1,1.0
CC(C)(C)NC[C@H](O)COc1cccc2C(=O)CCCc12,1,1,1.0
CC(C)(C)NC[C@H](O)COc1nsnc1N2CCOCC2,1,1,1.0
CC(C)(C)NC[C@H](O)c1ccc(O)c(CO)c1,1,1,1.0
CC(C)(C)O,0,1,1.0
CC(C)(C)[S](=O)(=O)C[C@H](Cc1ccccc1)C(=O)N[C@@H](Cc2[nH]cnc2)C(=O)N[C@H](CC3CCCCC3)[C@H](O)[C@H](O)C4CC4,1,1,0.0
CC(C)(C)c1cc(SC(C)(C)Sc2cc(c(O)c(c2)C(C)(C)C)C(C)(C)C)cc(c1O)C(C)(C)C,0,1,0.0
CC(C)(C)c1cc(SC(C)(C)Sc2cc(c(OC(=O)CCC(O)=O)c(c2)C(C)(C)C)C(C)(C)C)cc(c1O)C(C)(C)C,0,1,0.0
CC(C)(C)c1ccc(CN2CCN(CC2)C(c3ccccc3)c4ccc(Cl)cc4)cc1,1,0,1.0
CC(C)(C)c1ccc(cc1)C(=O)CCCN2CCC(CC2)OC(c3ccccc3)c4ccccc4,1,0,1.0
CC(C)(C)c1ccc(cc1)C(O)CCCN2CCC(CC2)C(O)(c3ccccc3)c4ccccc4,1,1,1.0
CC(C)(CO)[C@@H](O)C(=O)NCCC(=O)NCCSSCCNC(=O)CCNC(=O)[C@H](O)C(C)(C)CO,1,1,0.0
CC(C)(CO)[C@@H](O)C(=O)NCCCO,1,1,1.0
CC(C)(N)Cc1ccc(Cl)cc1,1,0,1.0
CC(C)(N)Cc1ccccc1,1,0,1.0
CC(C)(N)Cc1ccccc1Cl,1,0,1.0
CC(C)(Oc1ccc(CCNC(=O)c2ccc(Cl)cc2)cc1)C(O)=O,1,1,1.0
CC(C)(Oc1ccc(Cl)cc1)C(=O)OCCCOC(=O)C(C)(C)Oc2ccc(Cl)cc2,0,0,0.0
CC(C)(Oc1ccc(cc1)C2CC2(Cl)Cl)C(O)=O,0,1,1.0
CC(C)(c1ccc(O)cc1)c2ccc(O)cc2,0,1,1.0
CC(C)(c1ccccc1)c2ccc(O)cc2,0,1,1.0
CC(C)(c1cccnc1)C(=O)c2cccnc2,1,0,1.0
CC(C)=CC1C(C(=O)OCc2cccc(Oc3ccccc3)c2)C1(C)C,0,0,1.0
CC(C)=CCC/C(C)=C/CC/C(C)=C/CC/C(C)=C/CC1=C(C)C(=O)c2ccccc2C1=O,0,0,0.0
CC(C)=CCC1C(=O)N(N(C1=O)c2ccccc2)c3ccccc3,1,1,1.0
CC(C)=CCN,1,0,1.0
CC(C)=CCOc1ccc(/C=C/C(=O)c2ccc(OCC=C(C)C)cc2OCC(O)=O)cc1,0,1,0.0
CC(C)=C[C@@H]1[C@@H](C(=O)OCN2C(=O)C3=C(CCCC3)C2=O)C1(C)C,1,0,1.0
CC(C)C(=O)Nc1ccc(c(c1)C(F)(F)F)[N+]([O-])=O,1,1,1.0
CC(C)C(=O)OCC(=O)[C@@]12O[C@@H](O[C@@H]1C[C@H]3[C@@H]4CCC5=CC(=O)C=C[C@]5(C)[C@H]4[C@@H](O)C[C@]23C)C6CCCCC6,0,1,0.0
CC(C)C(=O)c1c2ccccn2nc1C(C)C,1,0,1.0
CC(C)C1(CC=C)C(=O)NC(=O)NC1=O,0,1,1.0
CC(C)C1=C(C)N(C)N(c2ccccc2)C1=O,1,0,1.0
CC(C)C1CCC(C)CC1O,0,1,1.0
CC(C)C1NC(=O)C(CCCCN)NC(=O)C(Cc2c[nH]c3ccccc23)NC(=O)C(Cc4ccc(O)cc4)NC(=O)C(CSSCC(NC1=O)C(=O)NC(Cc5c[nH]c6ccccc56)C(N)=O)NC(=O)C(N)Cc7ccccc7,1,1,0.0
CC(C)C1NC(=O)C(NC(=O)c2ccc(C)c3OC4=C(C)C(=O)C(=C(C(=O)NC5C(C)OC(=O)C(C(C)C)N(C)C(=O)CN(C)C(=O)C6CCCN6C(=O)C(NC5=O)C(C)C)C4=Nc23)N)C(C)OC(=O)C(C(C)C)N(C)C(=O)CN(C)C(=O)C7CCCN7C1=O,1,1,0.0
CC(C)CC(N(C)C)C1(CCC1)c2ccc(Cl)cc2,1,0,1.0
CC(C)CC(NC(=O)C(COC(C)(C)C)NC(=O)C(Cc1ccc(O)cc1)NC(=O)C(CO)NC(=O)C(Cc2c[nH]c3ccccc23)NC(=O)C(Cc4[nH]cnc4)NC(=O)C5CCC(=O)N5)C(=O)NC(CCCN=C(N)N)C(=O)N6CCCC6C(=O)NNC(N)=O,1,1,0.0
CC(C)CC(NC(=O)C(Cc1c[nH]c2ccccc12)NC(=O)C(Cc3ccc(O)cc3)NC(=O)C(CO)NC(=O)C(Cc4c[nH]c5ccccc45)NC(=O)C(Cc6c[nH]cn6)NC(=O)C7CCC(=O)N7)C(=O)NC(CCCNC(N)=N)C(=O)N8CCCC8C(=O)NCC(N)=O,1,1,0.0
CC(C)CC(O)=O,0,1,1.0
CC(C)CC1(CC=C)C(=O)NC(=O)NC1=O,0,1,1.0
CC(C)CCCC(C)CCCC(C)CCCC1(C)CCc2c(C)c(OC(C)=O)c(C)c(C)c2O1,0,0,0.0
CC(C)CCOC(=O)C(=C)C#N,0,0,1.0
CC(C)CCOc1ccc(NC(=S)Nc2ccc(OCCC(C)C)cc2)cc1,1,1,1.0
CC(C)CN(CC(O)[C@H](Cc1ccccc1)NC(=O)[C@@H](CC(N)=O)NC(=O)c2ccc3ccccc3n2)C(=O)NC(C)(C)C,1,1,0.0
CC(C)CN(C[C@@H](O)[C@H](Cc1ccccc1)NC(=O)O[C@H]2CCOC2)[S](=O)(=O)c3ccc(N)cc3,1,1,0.0
CC(C)CN(C[C@@H](O)[C@H](Cc1ccccc1)NC(=O)O[C@H]2CO[C@H]3OCC[C@@H]23)[S](=O)(=O)c4ccc(N)cc4,1,1,0.0
CC(C)CN(C[C@@H](O[P](O)(O)=O)[C@H](Cc1ccccc1)NC(=O)O[C@H]2CCOC2)[S](=O)(=O)c3ccc(N)cc3,1,1,0.0
CC(C)CN1C(=O)N(C)C(=O)c2[nH]cnc12,1,1,1.0
CC(C)COc1ccc(cc1C#N)c2sc(C(O)=O)c(C)n2,1,0,1.0
CC(C)C[C@@H](NC(=O)[C@@H](O)[C@H](N)Cc1ccccc1)C(O)=O,1,1,1.0
CC(C)C[C@@H]1N2C(=O)[C@](NC(=O)[C@H]3CN(C)[C@@H]4Cc5c(Br)[nH]c6cccc(C4=C3)c56)(O[C@@]2(O)[C@@H]7CCCN7C1=O)C(C)C,1,1,1.0
CC(C)C[C@H](CN)CC(O)=O,1,1,1.0
CC(C)C[C@H](NC(=O)[C@@H](CC(N)=O)NC(=O)[C@H](Cc1ccc(O)cc1)N(C)C(=O)[C@H](CO)NC(=O)[C@@H](Cc2cccnc2)NC(=O)[C@@H](Cc3ccc(Cl)cc3)NC(=O)[C@@H](Cc4ccc5ccccc5c4)NC(C)=O)C(=O)N[C@@H](CCCCNC(C)C)C(=O)N6CCC[C@H]6C(=O)N[C@H](C)C(N)=O,1,1,0.0
CC(C)Cc1ccc(cc1)C(C)C(O)=O,0,1,1.0
CC(C)Cc1ccc(cc1)[C@H](C)C(O)=O,0,1,1.0
CC(C)Cn1cnc2c(N)nc3ccccc3c12,1,0,1.0
CC(C)N(CCC(C(N)=O)(c1ccccc1)c2ccccn2)C(C)C,1,1,1.0
CC(C)N(CCC(c1ccccc1)c2ccccc2)C(C)C,1,0,1.0
CC(C)N(CC[C@@H](c1ccccc1)c2cc(C)ccc2O)C(C)C,1,1,1.0
CC(C)N1C(=O)N=C(c2ccccc2)c3ccc(C)cc13,1,0,1.0
CC(C)N1CCN(CC1)c2ccc(OC[C@H]3CO[C@@](Cn4cncn4)(O3)c5ccc(Cl)cc5Cl)cc2,1,0,0.0
CC(C)N=C(N)N=C(N)Nc1ccc(Cl)cc1,1,0,1.0
CC(C)N=C1C=C2N(c3ccc(Cl)cc3)c4ccccc4N=C2C=C1Nc5ccc(Cl)cc5,1,0,1.0
CC(C)NC(=O)N[S](=O)(=O)c1cnccc1Nc2cccc(C)c2,1,1,1.0
CC(C)NCC(O)COc1cc(C)c(OC(C)=O)c(C)c1C,1,1,1.0
CC(C)NCC(O)COc1ccc(CC(N)=O)cc1,1,1,1.0
CC(C)NCC(O)COc1ccc(CCOCC2CC2)cc1,1,1,1.0
CC(C)NCC(O)COc1ccc(COCCOC(C)C)cc1,1,1,1.0
CC(C)NCC(O)COc1cccc2[nH]ccc12,1,1,1.0
CC(C)NCC(O)COc1cccc2ccccc12,1,1,1.0
CC(C)NCC(O)c1cc(O)cc(O)c1,1,1,1.0
CC(C)NCC(O)c1ccc(N[S](C)(=O)=O)cc1,1,1,1.0
CC(C)NCC(O)c1ccc(O)c(O)c1,1,1,1.0
CC(C)NCC1CCc2cc(CO)c(cc2N1)[N+]([O-])=O,1,1,1.0
CC(C)NC[C@H](O)COc1ccc(CCOCC2CC2)cc1,1,1,1.0
CC(C)NC[C@H](O)COc1ccc(NC(C)=O)cc1,1,1,1.0
CC(C)NC[C@H](O)COc1ccc(O)cc1,1,1,1.0
CC(C)NNC(=O)COc1ccc(Cl)cc1,1,1,1.0
CC(C)NNC(=O)c1ccncc1,1,1,1.0
CC(C)Nc1cccnc1N2CCN(CC2)C(=O)c3[nH]c4ccc(N[S](C)(=O)=O)cc4c3,1,1,1.0
CC(C)O,0,1,1.0
CC(C)OC(=O)C(C)(C)Oc1ccc(cc1)C(=O)c2ccc(Cl)cc2,0,0,1.0
CC(C)OC(=O)C1=C(C)NC(=C(C1c2cccc(c2)[N+]([O-])=O)C(=O)OC3CN(C3)C(c4ccccc4)c5ccccc5)N,1,0,0.0
CC(C)OC(=O)CCC/C=C/C[C@H]1[C@@H](O)C[C@@H](O)[C@@H]1CC[C@@H](O)CCc2ccccc2,0,1,1.0
CC(C)OC(=O)Nc1ccc2nc([nH]c2c1)c3cscn3,1,1,1.0
CC(C)OC(=O)OCO[P](=O)(CO[C@H](C)Cn1cnc2c(N)ncnc12)OCOC(=O)OC(C)C,1,0,0.0
CC(C)O[P](C)(=O)OC(C)C,0,0,1.0
CC(C)O[P](F)(=O)OC(C)C,0,0,1.0
CC(C)Oc1ccc2c(OC=C(C2=O)c3ccccc3)c1,0,0,1.0
CC(C)[C@@H]1N(C)C(=O)[C@@H](Cc2ccccc2)NC(=O)[C@H](CC(O)=O)NC(=O)CNC(=O)[C@H](CCCN=C(N)N)NC1=O,1,1,0.0
CC(C)[C@@H]1N2C(=O)[C@](NC(=O)[C@@H]3C[C@H]4[C@@H](Cc5c[nH]c6cccc4c56)N(C)C3)(O[C@@]2(O)[C@@H]7CCCN7C1=O)C(C)C,1,1,1.0
CC(C)[C@@H]1NC(=O)[C@H](C)OC(=O)C(NC(=O)[C@H](OC(=O)[C@@H](NC(=O)[C@H](C)OC(=O)[C@H](NC(=O)[C@H](OC(=O)[C@@H](NC(=O)[C@H](C)OC(=O)[C@H](NC(=O)[C@H](OC1=O)C(C)C)C(C)C)C(C)C)C(C)C)C(C)C)C(C)C)C(C)C)C(C)C,1,1,0.0
CC(C)[C@@H]1NC(=O)[C@H](CCCCN)NC(=O)[C@@H](Cc2c[nH]c3ccccc23)NC(=O)[C@H](Cc4ccc(O)cc4)NC(=O)[C@H](Cc5ccccc5)N(C)C(=O)[C@H](CCSCC(=O)NC[C@H](N)C(=O)N[C@@H](CCCCN)C(=O)N[C@@H](CS)C(=O)N[C@@H](CCCCN)C(N)=O)NC1=O,1,1,0.0
CC(C)[C@H](CO)Nc1nc(Nc2cccc(Cl)c2)c3ncn(C(C)C)c3n1,1,1,1.0
CC(C)[C@H](N)C(=O)OCC(CO)OCn1cnc2C(=O)N=C(N)Nc12,1,1,1.0
CC(C)[C@H](N)C(=O)OCCOCn1cnc2C(=O)N=C(N)Nc12,1,1,1.0
CC(C)[C@H](N1CCCNC1=O)C(=O)N[C@H](C[C@H](O)[C@H](Cc2ccccc2)NC(=O)COc3c(C)cccc3C)Cc4ccccc4,1,1,0.0
CC(C)[C@H](NC(=O)N(C)Cc1csc(n1)C(C)C)C(=O)N[C@H](C[C@H](O)[C@H](Cc2ccccc2)NC(=O)OCc3scnc3)Cc4ccccc4,1,1,0.0
CC(C)[C@H](NC(=O)[C@H](CCCN=C(N)N)NC(=O)N[C@@H](Cc1ccccc1)C(O)=O)C(=O)N[C@@H](CCCN=C(N)N)C=O,1,1,0.0
CC(C)c1c(O)c(O)c(C=O)c2c(O)c(c(C)cc12)c3c(C)cc4c(C(C)C)c(O)c(O)c(C=O)c4c3O,0,1,0.0
CC(C)c1cc(OC(C)=O)c(C)cc1OCCN(C)C,1,0,1.0
CC(C)c1cc2CC[C@H]3[C@@](C)(CCC[C@]3(C)c2cc1[S](O)(=O)=O)C(O)=O,0,1,1.0
CC(C)c1ccc(C)cc1O,0,1,1.0
CC(C)c1ccc(C)cc1OCC2=NCCN2,1,0,1.0
CC(C)c1ccc(N)cc1,1,0,1.0
CC(C)c1ccc2Oc3nc(N)c(cc3C(=O)c2c1)C(O)=O,1,1,1.0
CC(C)c1cccc(C(C)C)c1O,0,1,1.0
CC(C)c1n(CC[C@@H](O)C[C@@H](O)CC(O)=O)c(c2ccc(F)cc2)c(c3ccccc3)c1C(=O)Nc4ccccc4,1,1,0.0
CC(C)c1nnc(C)n1C2C[C@H]3CC[C@@H](C2)N3CC[C@H](NC(=O)C4CCC(F)(F)CC4)c5ccccc5,1,1,1.0
CC(CCc1ccc(O)cc1)NCCc2ccc(O)c(O)c2,1,1,1.0
CC(CCc1ccccc1)NCC(O)c2ccc(O)c(c2)C(N)=O,1,1,1.0
CC(CN(C(C)=O)c1c(I)cc(I)c(N)c1I)C(O)=O,1,1,1.0
CC(CN(C)C)C(C)(O)Cc1ccc(Cl)cc1,1,1,1.0
CC(CN(C)C)CN1c2ccccc2CCc3ccccc13,1,0,1.0
CC(CN(C)C)CN1c2ccccc2Sc3ccc(cc13)C#N,1,0,1.0
CC(CN(C)C)CN1c2ccccc2Sc3ccccc13,1,0,1.0
CC(CN1CCCCC1)C(=O)c2ccc(C)cc2,1,0,1.0
CC(CN1CCN(CCOCCO)CC1)CN2c3ccccc3Sc4ccccc24,1,1,1.0
CC(CN1CCOCC1)C(C(=O)N2CCCC2)(c3ccccc3)c4ccccc4,1,0,1.0
CC(CN1c2ccccc2Sc3ccc(cc13)C(C)=O)N(C)C,1,0,1.0
CC(CN1c2ccccc2Sc3ccccc13)N(C)C,1,0,1.0
CC(CN1c2ccccc2Sc3cccnc13)N(C)C,1,0,1.0
CC(COc1ccccc1)N(CCCl)Cc2ccccc2,1,0,1.0
CC(COc1ccccc1)NC(C)C(O)c2ccc(O)cc2,1,1,1.0
CC(COc1ccccc1Cc2ccccc2)N3CCCCC3,1,0,1.0
CC(Cc1ccccc1)N(C)Cc2ccccc2,1,0,1.0
CC(Cc1ccccc1)N=CC(Cl)(Cl)Cl,1,0,1.0
CC(Cc1ccccc1)NCCC#N,1,0,1.0
CC(Cc1ccccc1)NN,1,0,1.0
CC(N(O)C(N)=O)c1sc2ccccc2c1,1,1,1.0
CC(N)C(=O)Nc1c(C)cccc1C,1,1,1.0
CC(N)C12CC3CC(CC(C3)C1)C2,1,0,1.0
CC(N)Cc1ccccc1,1,0,1.0
CC(NC(C)(C)C)C(=O)c1cccc(Cl)c1,1,0,1.0
CC(NCCC(c1ccccc1)c2ccccc2)c3ccccc3,1,0,1.0
CC(O)(CC(O)=O)CC(O)=O,0,1,1.0
CC(O)(C[S](=O)(=O)c1ccc(F)cc1)C(=O)Nc2ccc(C#N)c(c2)C(F)(F)F,1,1,1.0
CC(O)([P](O)(O)=O)[P](O)(O)=O,0,1,1.0
CC(O)=O,0,1,1.0
CC(O)C(CO)NC(=O)C1CSSCC(NC(=O)C(N)Cc2ccccc2)C(=O)NC(Cc3ccccc3)C(=O)NC(Cc4c[nH]c5ccccc45)C(=O)NC(CCCCN)C(=O)NC(C(C)O)C(=O)N1,1,1,0.0
CC(O)C(O)=O,0,1,1.0
CC(O)CO,0,1,1.0
CC(O)Cn1c(C)ncc1[N+]([O-])=O,1,1,1.0
CC(S)C(=O)NCC(O)=O,1,1,1.0
CC(c1ccccn1)C2=C(CCN(C)C)Cc3ccccc23,1,0,1.0
CC/C(c1ccccc1)=C(c2ccccc2)/c3ccc(OCCN(C)C)cc3,1,0,1.0
CC1(C)C2CCC1(C)C(=O)C2,0,0,1.0
CC1(C)CCC(C)(C)c2cc(NC(=O)c3ccc(cc3)C(O)=O)ccc12,1,1,1.0
CC1(C)CNc2cc(NC(=O)c3cccnc3NCc4ccncc4)ccc12,1,1,1.0
CC1(C)NC(=O)N(c2ccc(c(c2)C(F)(F)F)[N+]([O-])=O)C1=O,1,1,1.0
CC1(C)N[C@@H](C(=O)N1[C@H]2[C@H]3SC(C)(C)[C@@H](N3C2=O)C(O)=O)c4ccccc4,1,1,1.0
CC1(C)OC[C@@H](COC(=O)CCc2ccc(OC[C@@H](O)CNCCNC(=O)N3CCOCC3)cc2)O1,1,1,0.0
CC1(C)O[C@@H]2CO[C@@]3(CO[S](N)(=O)=O)OC(C)(C)O[C@H]3[C@@H]2O1,1,1,1.0
CC1(C)O[C@@H]2C[C@H]3C4CCC5=CC(=O)C=CC5(C)[C@H]4C(O)CC3(C)[C@@]2(O1)C(=O)CO,0,1,1.0
CC1(C)O[C@@H]2C[C@H]3[C@@H]4CCC5=CC(=O)CC[C@]5(C)[C@@]4(F)[C@@H](O)C[C@]3(C)[C@@]2(O1)C(=O)CCl,0,1,1.0
CC1(C)O[C@@H]2C[C@H]3[C@@H]4C[C@H](F)C5=CC(=O)C=C[C@]5(C)[C@@]4(F)[C@@H](O)C[C@]3(C)[C@@]2(O1)C(=O)CO,0,1,1.0
CC1(C)O[C@@H]2C[C@H]3[C@@H]4C[C@H](F)C5=CC(=O)CC[C@]5(C)[C@H]4[C@@H](O)C[C@]3(C)[C@@]2(O1)C(=O)CO,0,1,1.0
CC1(C)S[C@@H]2[C@H](N=CN3CCCCCC3)C(=O)N2[C@H]1C(O)=O,1,1,1.0
CC1(C)S[C@@H]2[C@H](NC(=O)C3(N)CCCCC3)C(=O)N2[C@H]1C(O)=O,1,1,1.0
CC1(C)S[C@@H]2[C@H](NC(=O)Cc3ccccc3)C(=O)N2[C@H]1C(O)=O,1,1,1.0
CC1(C)S[C@@H]2[C@H](NC(=O)[C@@H](NC(=O)N3CCNC3=O)c4ccccc4)C(=O)N2[C@H]1C(O)=O,1,1,1.0
CC1(C)S[C@@H]2[C@H](NC(=O)[C@H](N)c3ccccc3)C(=O)N2[C@H]1C(O)=O,1,1,1.0
CC1(C)[C@@H](C=C(Br)Br)[C@H]1C(=O)O[C@H](C#N)c2cccc(Oc3ccccc3)c2,0,0,0.0
CC1(C)[C@@H](C=C(Cl)Cl)[C@H]1C(=O)OCc2cccc(Oc3ccccc3)c2,0,0,1.0
CC1(C)[C@@H](N2[C@@H](CC2=O)[S]1(=O)=O)C(O)=O,1,1,1.0
CC1(C)[C@@H](O)CC[C@@]2(C)[C@H]1CC[C@]3(C)[C@@H]2C(=O)C=C4[C@@H]5C[C@](C)(CC[C@]5(C)CC[C@@]34C)C(O)=O,0,1,1.0
CC1(C)[C@H](CC[C@@]2(C)[C@H]1CC[C@]3(C)[C@@H]2C(=O)C=C4[C@@H]5C[C@](C)(CC[C@]5(C)CC[C@@]34C)C(O)=O)O[C@H]6O[C@@H]([C@@H](O)[C@H](O)[C@H]6O[C@@H]7O[C@@H]([C@@H](O)[C@H](O)[C@H]7O)C(O)=O)C(O)=O,0,1,0.0
CC1(CCN2CCCCC2)C(=O)CCc3ccccc13,1,0,1.0
CC12CC(O)C3(F)C(CCC4=CC(=O)C=CC34C)C1CCC2(O)C(=O)CO,0,1,1.0
CC12CC3CC(C)(C1)CC(N)(C3)C2,1,0,1.0
CC12CCC(=O)C=C1C=CC3C2CCC4(C)C3CCC45CCC(=O)O5,0,0,1.0
CC12CCC3C(CC=C4C=C(CCC34)OC5CCCC5)C1CCC2(O)C#C,0,1,1.0
CC12CCC3C(CCC4=CC(=O)C=CC34C)C1CCC2OC5=CCCC5,0,0,1.0
CC12CCC3C(CCc4cc(OC(=O)N(CCCl)CCCl)ccc34)C1CCC2O[P](O)(O)=O,1,1,1.0
CC1=C(C(c2cccc(c2)[N+]([O-])=O)C(=C(C)N1)[P]3(=O)OCC(C)(C)CO3)C(=O)OCCN(Cc4ccccc4)c5ccccc5,1,0,0.0
CC1=C(C)C(=O)C(=C(C)C1=O)C(CCCCCC(O)=O)c2ccccc2,0,1,1.0
CC1=C(C=C(C#N)C(=O)N1)c2ccncc2,1,1,1.0
CC1=C(CCN2CCC(CC2)=C(c3ccc(F)cc3)c4ccc(F)cc4)C(=O)N5C=CSC5=N1,1,0,1.0
CC1=C(CCN2CCC(CC2)c3noc4cc(F)ccc34)C(=O)N5CCCC(O)C5=N1,1,1,1.0
CC1=C(CCN2CCC(CC2)c3noc4cc(F)ccc34)C(=O)N5CCCCC5=N1,1,0,1.0
CC1=C(CO)C2=C(C)C3(CC3)[C@@](C)(O)C(=O)C2=C1,0,1,1.0
CC1=C(N2C(SC1)C(N)C2=O)C(O)=O,1,1,1.0
CC1=C(N2[C@H](SC1)[C@H](NC(=O)[C@H](N)c3ccc(O)cc3)C2=O)C(O)=O,1,1,1.0
CC1=C(Oc2c(cccc2C1=O)C(=O)OCCN3CCCCC3)c4ccccc4,1,0,1.0
CC1=C(SCCO1)C(=O)Nc2ccccc2,1,1,1.0
CC1=CC(=O)C[C@@H]2CCC3C4CCC(O)C4(C)CCC3C12C,0,1,1.0
CC1=CC(=O)Oc2cc(O)ccc12,0,1,1.0
CC1=CC(=O)Oc2cc(O[C@@H]3SC[C@@H](O)[C@H](O)[C@H]3O)ccc12,0,1,1.0
CC1=CC(=O)c2ccccc2C1=O,0,0,1.0
CC1=CN(C(=O)C=C1)c2ccccc2,1,0,1.0
CC1=CN([C@@H]2C[C@@H](O)[C@H](CO)O2)C(=O)NC1=O,0,1,1.0
CC1=CN([C@@H]2O[C@H](CO)C=C2)C(=O)NC1=O,0,1,1.0
CC1=CN([C@H]2C[C@H](F)[C@@H](CO)O2)C(=O)NC1=O,0,1,1.0
CC1=CN([C@H]2O[C@@H](CO)[C@H](O)[C@H]2F)C(=O)NC1=O,0,1,1.0
CC1=CNC(=O)NC1=O,1,1,1.0
CC1=NN(C(=O)C1)c2ccccc2,1,0,1.0
CC1=N[S](=O)(=O)c2cc(Cl)ccc2N1,1,1,1.0
CC1CC(CC(C)(C)C1)OC(=O)C(O)c2ccccc2,0,1,1.0
CC1CC2C3CCC4=CC(=O)C=CC4(C)[C@@]3(F)C(O)CC2(C)[C@@]1(O)C(=O)CCl,0,1,1.0
CC1CCc2c(N3CCC(O)CC3)c(F)cc4C(=O)C(=CN1c24)C(O)=O,1,1,1.0
CC1CN(CCN1)c2cc3N(C=C(C(O)=O)C(=O)c3c(C)c2F)C4CC4,1,1,1.0
CC1COc2c(N3CCN(C)CC3)c(F)cc4C(=O)C(=CN1c24)C(O)=O,1,1,1.0
CC1Cc2ccccc2N1NC(=O)c3ccc(Cl)c(c3)[S](N)(=O)=O,1,1,1.0
CC1NCCOC1c2ccccc2,1,0,1.0
CC1Nc2cc(Cl)c(cc2C(=O)N1c3ccccc3C)[S](N)(=O)=O,1,1,1.0
CC1OC(C)OC(C)O1,0,0,1.0
CC1OC(O[C@H]2CC[C@]3(C)[C@H]4CC[C@]5(C)[C@H](CC[C@]5(O)[C@@H]4CCC3=C2)C6=COC(=O)C=C6)C(O)C(O)C1O,0,1,1.0
CC1SC2=C(C(O)=O)C(=O)c3cc(F)c(cc3N12)N4CCN(CC4)CC5=C(C)OC(=O)O5,1,1,1.0
CCC#CC(C)C1(CC=C)C(=O)NC(=O)N(C)C1=O,1,1,1.0
CCC(=C)C(=O)c1ccc(OCC(O)=O)c(Cl)c1Cl,0,1,1.0
CCC(=O)C(CC(C)N(C)C)(c1ccccc1)c2ccccc2,1,0,1.0
CCC(=O)C(CC(C)N1CCCCC1)(c2ccccc2)c3ccccc3,1,0,1.0
CCC(=O)C1(CCN(C)CC1)c2cccc(O)c2,1,1,1.0
CCC(=O)N(C1CCN(CC1)CCc2ccccc2)c3ccccc3,1,0,1.0
CCC(=O)N(c1ccccc1)C2(CCN(CCc3sccc3)CC2)COC,1,0,1.0
CCC(=O)NCC[C@@H]1CCc2ccc3OCCc3c12,1,1,1.0
CCC(=O)N[S](=O)(=O)c1ccc(cc1)c2c(C)onc2c3ccccc3,1,1,1.0
CCC(=O)OC(Cc1ccccc1)(C(C)CN(C)C)c2ccccc2,1,0,1.0
CCC(=O)OC(O[P](=O)(CCCCc1ccccc1)CC(=O)N2C[C@@H](C[C@H]2C(O)=O)C3CCCCC3)C(C)C,1,1,0.0
CCC(=O)OCC(=O)[C@@]1(OC(=O)CC)[C@@H](C)C[C@H]2[C@@H]3CCC4=CC(=O)C=C[C@]4(C)[C@@]3(Cl)[C@@H](O)C[C@]12C,0,1,1.0
CCC(=O)O[C@@](Cc1ccccc1)([C@H](C)CN(C)C)c2ccccc2,1,0,1.0
CCC(=O)O[C@@]1([C@@H](C)C[C@H]2[C@@H]3CCC4=CC(=O)C=C[C@]4(C)[C@@]3(F)[C@@H](O)C[C@]12C)C(=O)CCl,0,1,1.0
CCC(=O)O[C@H]1CC[C@H]2[C@@H]3CC[C@H]4CC(=O)[C@H](C)C[C@]4(C)[C@H]3CC[C@]12C,0,0,1.0
CCC(=O)[C@@]1(C)CC[C@H]2[C@@H]3CCC4=CC(=O)CCC4=C3CC[C@]12C,0,0,1.0
CCC(=O)c1ccc2Sc3ccccc3N(CC(C)N(C)C)c2c1,1,0,1.0
CCC(=O)c1ccc2Sc3ccccc3N(CCCN4CCN(CCO)CC4)c2c1,1,1,1.0
CCC(Br)(CC)C(=O)NC(N)=O,1,1,1.0
CCC(C(CC)c1ccc(O)cc1)c2ccc(O)cc2,0,1,1.0
CCC(C)(C)C(=O)O[C@H]1C[C@@H](C)C=C2C=C[C@H](C)[C@H](CC[C@@H]3C[C@@H](O)CC(=O)O3)[C@@H]12,0,1,1.0
CCC(C)(C)c1ccc(CC(C)CN2C[C@H](C)O[C@H](C)C2)cc1,1,0,1.0
CCC(C)(CC)OC(N)=O,1,1,1.0
CCC(C)(Oc1ccc(cc1)C2(CCCCC2)c3ccc(OC(C)(CC)C(O)=O)cc3)C(O)=O,0,1,1.0
CCC(C)C1(CC)C(=O)NC(=O)NC1=O,0,1,1.0
CCC(C)C1(CC=C)C(=O)NC(=O)NC1=O,0,1,1.0
CCC(C)N(CC(O)c1cccn1Cc2ccccc2Cl)C(C)CC,1,1,1.0
CCC(C)N1N=CN(C1=O)c2ccc(cc2)N3CCN(CC3)c4ccc(OC[C@H]5CO[C@@](Cn6cncn6)(O5)c7ccc(Cl)cc7Cl)cc4,1,0,0.0
CCC(CC)(CC(=O)Nc1cccc(/C=C/c2scc(n2)C3CCC3)c1)C(O)=O,1,1,1.0
CCC(COC(=O)c1cc(OC)c(OC)c(OC)c1)(N(C)C)c2ccccc2,1,0,1.0
CCC(Cc1c(I)cc(I)c(N)c1I)C(O)=O,1,1,1.0
CCC(N)=O,1,1,1.0
CCC(NC(C)C)C(O)c1ccc(O)c(O)c1,1,1,1.0
CCC(OC(C)=O)C(CC(C)N(C)C)(c1ccccc1)c2ccccc2,1,0,1.0
CCC(c1ccccc1)C2=C(O)Oc3ccccc3C2=O,0,1,1.0
CCC1(C(=O)NC(=O)N(C)C1=O)c2ccccc2,1,1,1.0
CCC1(C(=O)NC(=O)NC1=O)C2=CCCCC2,0,1,1.0
CCC1(C(=O)NC(=O)NC1=O)c2ccccc2,0,1,1.0
CCC1(C(=O)NCNC1=O)c2ccccc2,1,1,1.0
CCC1(C)CC(=O)NC(=O)C1,1,1,1.0
CCC1(C)CC(=O)NC1=O,1,1,1.0
CCC1(C)OC(=O)N(C)C1=O,1,0,1.0
CCC1(CC)C(=O)CCNC1=O,1,1,1.0
CCC1(CC)C(=O)NC(=O)N(C)C1=O,1,1,1.0
CCC1(CC)C(=O)NC(=O)NC1=O,0,1,1.0
CCC1(CC)C(=O)NC=CC1=O,1,1,1.0
CCC1(CC)C(=O)NCC(C)C1=O,1,1,1.0
CCC1(CCC(=O)NC1=O)c2ccc(N)cc2,1,1,1.0
CCC1(CCC(=O)NC1=O)c2ccccc2,1,1,1.0
CCC1(CCC(C)C)C(=O)NC(=O)NC1=O,0,1,1.0
CCC1(NC(=O)N(C)C1=O)c2ccccc2,1,1,1.0
CCC1=C(C)CN(C(=O)NCCc2ccc(cc2)[S](=O)(=O)NC(=O)NC3CCC(C)CC3)C1=O,1,1,1.0
CCC1=C(C[C@H]2NCCc3cc(OC)c(OC)cc23)C[C@@H]4N(CCc5cc(OC)c(OC)cc45)C1,1,0,1.0
CCC1C(=NN=C(c2ccc(OC)c(OC)c2)c3cc(OC)c(OC)cc13)C,1,0,1.0
CCC1NC(=O)c2cc(c(Cl)cc2N1)[S](N)(=O)=O,1,1,1.0
CCCC(=O)Nc1ccc(OCC(O)CNC(C)C)c(c1)C(C)=O,1,1,1.0
CCCC(=O)O[C@@]1(CC[C@H]2[C@@H]3CCC4=CC(=O)CC[C@]4(C)[C@H]3[C@@H](O)C[C@]12C)C(=O)COC(=O)CC,0,1,1.0
CCCC(=O)O[C@H]1CN2CC[C@H](O)[C@@H]2[C@@H](O)[C@@H]1O,1,1,1.0
CCCC(C)(COC(N)=O)COC(=O)NC(C)C,1,1,1.0
CCCC(C)(COC(N)=O)COC(N)=O,1,1,1.0
CCCC(C)C1(CC)C(=O)NC(=O)NC1=O,0,1,1.0
CCCC(C)C1(CC)C(=O)NC(=S)NC1=O,1,1,1.0
CCCC(C)C1(CC=C)C(=O)NC(=O)NC1=O,0,1,1.0
CCCC(C)C1(CC=C)C(=O)NC(=S)NC1=O,1,1,1.0
CCCC(CCC)C(O)=O,0,1,1.0
CCCC(O)=O,0,1,1.0
CCCC1C(=O)N2N(C1=O)C(=Nc3ccc(C)cc23)N(C)C,1,1,1.0
CCCCC(=O)N(Cc1ccc(cc1)c2ccccc2c3n[nH]nn3)[C@@H](C(C)C)C(O)=O,1,1,1.0
CCCCC(=O)O[C@@]1(CCC2C3CCC4=CC(=O)CCC4(C)C3C(O)CC12C)C(=O)CO,0,1,1.0
CCCCC(C)(O)C/C=C/[C@H]1[C@H](O)CC(=O)[C@@H]1CCCCCCC(=O)OC,0,1,1.0
CCCCC(CC)C1NC(=O)N(SC(Cl)(Cl)Cl)C1=O,1,1,1.0
CCCCC(CC)CN1CN(CC(CC)CCCC)CC(C)(N)C1,1,0,0.0
CCCCC(CC)COC(=O)/C=C/c1ccc(OC)cc1,0,0,1.0
CCCCC(F)(F)[C@@]1(O)CC[C@H]2[C@@H](CC(=O)[C@H]2CCCCCCC(O)=O)O1,0,1,1.0
CCCCC(O)=O,0,1,1.0
CCCCC1=NC2(CCCC2)C(=O)N1Cc3ccc(cc3)c4ccccc4c5n[nH]nn5,1,1,1.0
CCCCC1C(=O)N(N(C1=O)c2ccc(O)cc2)c3ccccc3,1,1,1.0
CCCCC1C(=O)N(N(C1=O)c2ccccc2)c3ccccc3,1,1,1.0
CCCCC1C(=O)NN(C1=O)c2ccccc2,1,1,1.0
CCCCC1OC(=O)c2ccccc12,0,0,1.0
CCCCCCC(=O)OCC(COC(=O)CCCCCC)OC(=O)CCCCCC,0,0,0.0
CCCCCCC(=O)O[C@H]1CC[C@H]2[C@@H]3CCC4=CC(=O)CC[C@]4(C)[C@H]3CC[C@]12C,0,0,1.0
CCCCCCC(=O)O[C@]1(CC[C@H]2[C@@H]3CCC4=CC(=O)CC[C@@H]4[C@H]3CC[C@]12C)C#C,0,0,1.0
CCCCCCC(C)(C)c1cc(O)c2[C@@H]3CC(=CC[C@H]3C(C)(C)Oc2c1)C(O)=O,0,1,1.0
CCCCCCC(C)(C)c1cc(O)c2[C@@H]3CC(=O)CC[C@H]3C(C)(C)Oc2c1,0,1,1.0
CCCCCCCC(=O)OCC(COC(=O)CCCCCCC)OC(=O)CCCCCCC,0,0,0.0
CCCCCCCC(O)=O,0,1,1.0
CCCCCCCCC(=O)NCc1ccc(O)c(OC)c1,1,1,1.0
CCCCCCCCC(=O)OC,0,0,1.0
CCCCCCCCCC(=O)N[C@@H](Cc1c[nH]c2ccccc12)C(=O)N[C@@H](CC(N)=O)C(=O)N[C@@H](CC(O)=O)C(=O)NC3C(C)OC(=O)[C@H](CC(=O)c4ccccc4N)NC(=O)[C@@H](NC(=O)[C@@H](CO)NC(=O)CNC(=O)[C@H](CC(O)=O)NC(=O)[C@@H](C)NC(=O)[C@H](CC(O)=O)NC(=O)[C@H](CCCN)NC(=O)CNC3=O)C(C)CC(O)=O,1,1,0.0
CCCCCCCCCC(=O)O[C@H]1CC[C@H]2[C@@H]3CCC4=CC(=O)CC[C@@H]4[C@H]3CC[C@]12C,0,0,1.0
CCCCCCCCCC(O)=O,0,1,1.0
CCCCCCCCCCCC(O)=O,0,1,1.0
CCCCCCCCCCCCC(O)=O,0,1,1.0
CCCCCCCCCCCCCC(=O)OC(C)C,0,0,0.0
CCCCCCCCCCCCCCCC(=O)NC1=NC(=O)N(C=C1)[C@@H]2O[C@H](CO)[C@@H](O)[C@@H]2C#N,1,1,1.0
CCCCCCCCCCCCCCCC(=O)NCCO,1,1,1.0
CCCCCCCCCCCCCCCC(O)C(N)CO,1,1,1.0
CCCCCCCCCCCCCCCCCC(O)=O,0,1,0.0
CCCCCCCCCCCCCCCCCCCCCCC(O)=O,0,1,0.0
CCCCCCCCCCCCCCCCCCCCCCCCCCCCO,0,1,0.0
CCCCCCCCCCCCCCCCCCCCCCO,0,1,0.0
CCCCCCCCCCCCCCCCO,0,1,0.0
CCCCCCCCCCCCCC[C@@H](O)[C@@H](O)[C@@H](N)CO,1,1,1.0
CCCCCCCCCCCCO,0,1,1.0
CCCCCCCCCCCC[N+](C)(C)[O-],1,0,1.0
CCCCCCCCCCC[C@@H](C[C@@H]1OC(=O)[C@H]1CCCCCC)OC(=O)[C@H](CC(C)C)NC=O,1,1,0.0
CCCCCCCCCCNCCN[C@@]1(C)C[C@@H](O[C@@H](C)[C@H]1O)O[C@@H]2[C@@H](O)[C@H](O)[C@@H](CO)O[C@H]2Oc3c4Oc5ccc(cc5Cl)[C@@H](O)[C@@H](NC(=O)[C@@H](CC(C)C)NC)C(=O)N[C@@H](CC(N)=O)C(=O)N[C@H]6C(=O)N[C@H]7C(=O)N[C@@H]([C@H](O)c8ccc(Oc3cc6c4)c(Cl)c8)C(=O)N[C@H](C(O)=O)c9cc(O)c(CNC[P](O)(O)=O)c(O)c9c%10cc7ccc%10O,1,1,0.0
CCCCCCCCCC[S](O)(=O)=O,0,1,1.0
CCCCCCCCCO,0,1,1.0
CCCCCCCCN1CCc2c(C)c(CC(O)=O)c(C)c(NC(=O)C(C)(C)C)c12,1,1,0.0
CCCCCCCCO,0,1,1.0
CCCCCCCCOC(=O)C(=C)C#N,0,0,1.0
CCCCCCNC(=O)N1C=C(F)C(=O)NC1=O,1,1,1.0
CCCCCCOC(=O)N=C(N)c1ccc(NCc2nc3cc(ccc3n2C)C(=O)N(CCC(=O)OCC)c4ccccn4)cc1,1,1,0.0
CCCCCCOc1nsnc1C2=CCCN(C)C2,1,0,1.0
CCCCCN(CCCOC)C(=O)[C@@H](CCC(O)=O)NC(=O)c1ccc(Cl)c(Cl)c1,1,1,1.0
CCCCCNC(=O)c1coc(n1)[C@@H]2C3CC[C@H](O3)[C@@H]2Cc4ccccc4CCC(O)=O,1,1,1.0
CCCCCOC(=O)NC1=NC(=O)N(C=C1F)[C@@H]2O[C@H](C)[C@@H](O)[C@H]2O,1,1,1.0
CCCCCON=O,0,0,1.0
CCCCC[C@H](O)/C=C/[C@H]1[C@H](O)CC(=O)[C@@H]1CCCCCCC(O)=O,0,1,1.0
CCCCCc1cc(O)c2[C@@H]3C=C(C)CC[C@H]3C(C)(C)Oc2c1,0,1,1.0
CCCCN,1,0,1.0
CCCCN(CCCC)CCCOC(=O)c1ccc(N)cc1,1,0,1.0
CCCCN(CCCC)CCCOc1ccc(cc1)C(=O)c2c(CCCC)oc3ccc(N[S](C)(=O)=O)cc23,1,1,0.0
CCCCN(CCCC)CCNc1onc(n1)c2ccccc2,1,0,1.0
CCCCN(CCN(CC)CC)C(=O)c1cccc2ccccc12,1,0,1.0
CCCCN1CCCCC1C(=O)Nc2c(C)cccc2C,1,1,1.0
CCCCN1CCCC[C@H]1C(=O)Nc2c(C)cccc2C,1,1,1.0
CCCCN1C[C@H](O)[C@@H](O)[C@H](O)[C@H]1CO,1,1,1.0
CCCCNC(=O)N[S](=O)(=O)c1ccc(C)cc1,1,1,1.0
CCCCNC(=O)N[S](=O)(=O)c1ccc(N)cc1,1,1,1.0
CCCCNc1cc(cc(c1Oc2ccccc2)[S](N)(=O)=O)C(O)=O,1,1,1.0
CCCCNc1ccc(cc1)C(=O)OCCN(C)C,1,0,1.0
CCCCNc1ccc(cc1)C(=O)OCCOCCOCCOCCOCCOCCOCCOCCOCCOC,1,0,0.0
CCCCOC(=O)C(=C)C#N,0,0,1.0
CCCCOC(=O)CCC(=O)OCCCC,0,0,1.0
CCCCOC(=O)c1ccc(N)cc1,1,0,1.0
CCCCOC(=O)c1ccc(O)cc1,0,1,1.0
CCCCOC(=O)c1ccccc1C(=O)OCCCC,0,0,1.0
CCCCOc1cc(C(=O)NCCN(CC)CC)c2ccccc2n1,1,1,1.0
CCCCOc1ccc(CC(=O)NO)cc1,0,1,1.0
CCCCOc1ccc(OCCCN2CCOCC2)cc1,1,0,1.0
CCCCSc1ccc(cc1)C(SCCN(C)C)c2ccccc2,1,0,1.0
CCCCc1nc(Cl)c(CO)n1Cc2ccc(cc2)c3ccccc3c4n[nH]nn4,1,1,1.0
CCCCc1nn(Cc2ccc(nc2)c3ccccc3c4n[nH]nn4)c(CCCC)n1,1,0,1.0
CCCCc1oc2ccccc2c1C(=O)c3cc(I)c(OCCN(CC)CC)c(I)c3,1,0,0.0
CCCN(CC)C(CC)C(=O)Nc1c(C)cccc1C,1,1,1.0
CCCN(CCC)C(=O)C(CCC(=O)OCCCN1CCN(CCOC(=O)Cc2c(C)n(C(=O)c3ccc(Cl)cc3)c4ccc(OC)cc24)CC1)NC(=O)c5ccccc5,1,1,0.0
CCCN(CCC)C(=O)C(CCC(O)=O)NC(=O)c1ccccc1,1,1,1.0
CCCN(CCC)C(=O)C(Cc1ccc(OCCN(CC)CC)cc1)NC(=O)c2ccccc2,1,1,1.0
CCCN(CCC)[S](=O)(=O)c1ccc(cc1)C(O)=O,1,1,1.0
CCCN(CCc1sccc1)C2CCc3c(O)cccc3C2,1,1,1.0
CCCN1C(=O)NC(=O)c2[nH]cnc12,1,1,1.0
CCCN1CCCC[C@H]1C(=O)Nc2c(C)cccc2C,1,1,1.0
CCCNC(=O)N[S](=O)(=O)c1ccc(Cl)cc1,1,1,1.0
CCCNC(C)C(=O)Nc1c(C)csc1C(=O)OC,1,1,1.0
CCCNC(C)C(=O)Nc1ccccc1C,1,1,1.0
CCCN[C@@H]1CCc2nc(N)sc2C1,1,0,1.0
CCCO,0,1,1.0
CCCOC(=O)CN1C=C(I)C(=O)C(=C1)I,1,0,1.0
CCCOC(=O)c1ccc(O)cc1,0,1,1.0
CCCOC(C)=O,0,0,1.0
CCCSc1ccc2nc(NC(=O)OC)[nH]c2c1,1,1,1.0
CCC[C@@H]1C[C@H](N(C)C1)C(=O)NC(C(C)Cl)[C@H]2O[C@H](SC)[C@H](O)[C@@H](O)[C@H]2O,1,1,1.0
CCC[C@@]1(CCc2ccccc2)CC(=O)C(=C(O)O1)[C@H](CC)c3cccc(N[S](=O)(=O)c4ccc(cn4)C(F)(F)F)c3,1,1,0.0
CCC[C@H](N[C@@H](C)C(=O)N1[C@H]2CCCC[C@H]2C[C@H]1C(O)=O)C(=O)OCC,1,1,1.0
CCCc1c2OC(=CC(=O)c2cc3C(=O)C=C(N(CC)c13)C(O)=O)C(O)=O,1,1,1.0
CCCc1nc(C)c2n1NC(=NC2=O)c3cc(ccc3OCC)[S](=O)(=O)N4CCN(CC)CC4,1,1,1.0
CCCc1nc(c(n1Cc2ccc(cc2)c3ccccc3c4n[nH]nn4)C(O)=O)C(C)(C)O,1,1,1.0
CCCc1nc2c(C)cc(cc2n1Cc3ccc(cc3)c4ccccc4C(O)=O)c5nc6ccccc6n5C,1,1,0.0
CCCc1nn(C)c2C(=O)N=C(Nc12)c3cc(ccc3OCC)[S](=O)(=O)N4CCN(C)CC4,1,1,1.0
CCCl,0,0,1.0
CCCn1cnc2N(C)C(=O)N(CCCCC(C)=O)C(=O)c12,1,0,1.0
CCN(C(C)=O)c1cccc(c1)c2ccnc3n2ncc3C#N,1,0,1.0
CCN(C)C(=O)Oc1cccc(c1)[C@H](C)N(C)C,1,0,1.0
CCN(CC)C(=O)/C(=C/c1cc(O)c(O)c(c1)[N+]([O-])=O)C#N,1,1,1.0
CCN(CC)C(=O)C1CN2CCc3cc(OC)c(OC)cc3C2CC1OC(C)=O,1,0,1.0
CCN(CC)C(=O)N1CCN(C)CC1,1,0,1.0
CCN(CC)C(=O)N[C@@H]1CN(C)[C@@H]2Cc3c[nH]c4cccc(C2=C1)c34,1,1,1.0
CCN(CC)C(=O)Nc1ccc(OCC(O)CNC(C)(C)C)c(c1)C(C)=O,1,1,1.0
CCN(CC)C(=O)[C@H]1CN(C)[C@@H]2Cc3c[nH]c4cccc(C2=C1)c34,1,1,1.0
CCN(CC)C(=O)c1cccnc1,1,0,1.0
CCN(CC)C(=S)SSC(=S)N(CC)CC,1,0,1.0
CCN(CC)C(C)C(=O)c1ccccc1,1,0,1.0
CCN(CC)C(C)CN1c2ccccc2Sc3ccccc13,1,0,1.0
CCN(CC)CC#CCOC(=O)C(O)(C1CCCCC1)c2ccccc2,1,1,1.0
CCN(CC)CC(=O)Nc1c(C)cccc1C,1,1,1.0
CCN(CC)CC(=O)OCC(=O)[C@@]1(O)CC[C@H]2[C@@H]3CCC4=CC(=O)CC[C@]4(C)[C@H]3[C@@H](O)C[C@]12C,1,1,1.0
CCN(CC)CCCC(C)Nc1ccnc2cc(Cl)ccc12,1,0,1.0
CCN(CC)CCCN(C1Cc2ccccc2C1)c3ccccc3,1,0,1.0
CCN(CC)CCNC(=O)c1ccc(N)cc1,1,1,1.0
CCN(CC)CCNc1ccc(C)c2Sc3ccccc3C(=O)c12,1,0,1.0
CCN(CC)CCNc1ccc(CO)c2Sc3ccccc3C(=O)c12,1,1,1.0
CCN(CC)CCOC(=O)C1(CCCC1)c2ccccc2,1,0,1.0
CCN(CC)CCOC(=O)C1(CCCCC1)C2CCCCC2,1,0,1.0
CCN(CC)CCOC(=O)c1ccc(N)cc1,1,0,1.0
CCN(CC)CCOC(=O)c1ccc(N)cc1Cl,1,0,1.0
CCN(CC)CCOC(=O)c1cccc(c1O)c2ccccc2,1,1,1.0
CCN(CC)CCOCCOC(=O)C1(CCCC1)c2ccccc2,1,0,1.0
CCN(CC)Cc1cc(Nc2ccnc3cc(Cl)ccc23)ccc1O,1,1,1.0
CCN(CCO)CCCC(C)Nc1ccnc2cc(Cl)ccc12,1,1,1.0
CCN1C(=O)C=CC1=O,1,0,1.0
CCN1C(=O)N(CC)c2nc(/C=C/c3ccc(OC)c(OC)c3)n(C)c2C1=O,1,0,1.0
CCN1C(=O)NC(C1=O)c2ccccc2,1,1,1.0
CCN1C(=O)OC(C)(C)C1=O,1,0,1.0
CCN1C=C(C(O)=O)C(=O)c2cc(F)c(N3CCNC(C)C3)c(F)c12,1,1,1.0
CCN1C=C(C(O)=O)C(=O)c2cc(F)c(cc12)N3CCN(C)CC3,1,1,1.0
CCN1C=C(C(O)=O)C(=O)c2cc(F)c(cc12)N3CCNCC3,1,1,1.0
CCN1C=C(C(O)=O)C(=O)c2cc(F)c(nc12)N3CCNCC3,1,1,1.0
CCN1C=C(C(O)=O)C(=O)c2cc3OCOc3cc12,1,1,1.0
CCN1C=C(C(O)=O)C(=O)c2ccc(C)nc12,1,1,1.0
CCN1C=C(C(O)=O)C(=O)c2ccc(cc12)c3ccncc3,1,1,1.0
CCN1C=C(C(O)=O)C(=O)c2cnc(nc12)N3CCNCC3,1,1,1.0
CCN1C=CC(=NC1=O)N[S](=O)(=O)c2ccc(N)cc2,1,1,1.0
CCN1CC(CCN2CCOCC2)C(C1=O)(c3ccccc3)c4ccccc4,1,0,1.0
CCN1CCCC1CNC(=O)c2cc(c(N)cc2OC)[S](=O)(=O)CC,1,1,1.0
CCN1CCCC1CNC(=O)c2cc(ccc2OC)[S](=O)(=O)CC,1,1,1.0
CCN1CCCC1CNC(=O)c2cc(ccc2OC)[S](N)(=O)=O,1,1,1.0
CCN1CCC[C@@H]1CNC(=O)c2c(O)c(Cl)cc(Cl)c2OC,1,1,1.0
CCN1CCN(C(=O)N[C@@H]([C@@H](C)O)C(=O)N[C@@]2(OC)[C@H]3SCC(=C(N3C2=O)C(O)=O)CSc4nnnn4C)C(=O)C1=O,1,1,0.0
CCN1CCN(CC1)c2cc(c3ccc(F)cc3)c4CCCCCCc4n2,1,0,1.0
CCN1N=C(C(O)=O)C(=O)c2cc3OCOc3cc12,1,0,1.0
CCNC(=O)/C=C(C)/C=C/C=C(C)/C=C/c1c(C)cc(OC)c(C)c1C,1,1,1.0
CCNC(=O)C1CCCN1C(=O)C(CCCNC(N)=N)NC(=O)C(CC(C)C)NC(=O)C(Cc2cn(Cc3ccccc3)cn2)NC(=O)C(Cc4ccc(O)cc4)NC(=O)C(CO)NC(=O)C(Cc5c[nH]c6ccccc56)NC(=O)C(Cc7c[nH]cn7)NC(=O)C8CCC(=O)N8,1,1,0.0
CCNC(=O)N(CCCN(C)C)C(=O)[C@@H]1C[C@H]2[C@@H](Cc3c[nH]c4cccc2c34)N(CC=C)C1,1,1,1.0
CCNC(C)Cc1cccc(c1)C(F)(F)F,1,0,1.0
CCNCC(O)c1cccc(O)c1,1,1,1.0
CCN[C@H]1CN(CCCOC)[S](=O)(=O)c2sc(cc12)[S](N)(=O)=O,1,1,1.0
CCN[C@H]1C[C@H](C)[S](=O)(=O)c2sc(cc12)[S](N)(=O)=O,1,1,1.0
CCNc1nc(Cl)nc(NC(C)C)n1,1,0,1.0
CCOC(=O)/C=C(C)/C=C/C=C(C)/C=C/c1c(C)cc(OC)c(C)c1C,0,0,1.0
CCOC(=O)/C=C/1SC(N2CCCCC2)C(=O)N1C,1,0,1.0
CCOC(=O)C(C)(C)Oc1ccc(Cl)cc1,0,0,1.0
CCOC(=O)C(C1=C(O)Oc2ccccc2C1=O)C3=C(O)Oc4ccccc4C3=O,0,1,1.0
CCOC(=O)C(CCN1CCOCC1)(c2ccccc2)c3ccccc3,1,0,1.0
CCOC(=O)C1(CCN(C)CC1)c2ccccc2,1,0,1.0
CCOC(=O)C1(CCN(CCc2ccc(N)cc2)CC1)c3ccccc3,1,0,1.0
CCOC(=O)C1=C(C)NC(=C(C1c2cccc(Cl)c2Cl)C(=O)OC)C,1,0,1.0
CCOC(=O)C1=C(C)NC(=C(C1c2cccc(c2)[N+]([O-])=O)C(=O)OC)C,1,0,1.0
CCOC(=O)C1=C(C)NC(=C(C1c2cccc3nonc23)C(=O)OCC)C,1,0,1.0
CCOC(=O)C1=C(COCCN)NC(=C(C1c2ccccc2Cl)C(=O)OC)C,1,0,1.0
CCOC(=O)C1=CNc2cc(OCC(C)C)c(OCC(C)C)cc2C1=O,1,1,1.0
CCOC(=O)C1=C[C@@H](OC(CC)CC)[C@H](NC(C)=O)[C@@H](N)C1,1,1,1.0
CCOC(=O)C1=C[C@]2(CC)CCCN3CCc4c5ccccc5n1c4[C@H]23,1,0,1.0
CCOC(=O)C1N=C(c2ccccc2F)c3cc(Cl)ccc3NC1=O,1,1,1.0
CCOC(=O)CC(S[P](=S)(OC)OC)C(=O)OCC,0,0,1.0
CCOC(=O)CCCCCCCCC(C)c1ccc(I)cc1,0,0,0.0
CCOC(=O)CN[C@H](C1CCCCC1)C(=O)N2CC[C@H]2C(=O)NCc3ccc(cc3)/C(N)=N/O,1,1,1.0
CCOC(=O)COc1ccc2C(=C(CCN(CC)CC)C(=O)Oc2c1Cl)C,1,0,1.0
CCOC(=O)N1C=CN(C)C1=S,1,0,1.0
CCOC(=O)N1CCC(CC1)=C2c3ccc(Cl)cc3CCc4cccnc24,1,0,1.0
CCOC(=O)N1[C@H](CC)C[C@H](N(Cc2cc(cc(c2)C(F)(F)F)C(F)(F)F)C(=O)OC)c3cc(ccc13)C(F)(F)F,1,0,0.0
CCOC(=O)NNc1ccc(nn1)N(CC)CC(C)O,1,1,1.0
CCOC(=O)[C@H](CCc1ccccc1)CC2(CCCC2)C(=O)N[C@H]3CCc4ccccc4N(CC(O)=O)C3=O,1,1,0.0
CCOC(=O)[C@H](CCc1ccccc1)NC(C)C(=O)N2CC3(CC2C(O)=O)SCCS3,1,1,1.0
CCOC(=O)[C@H](CCc1ccccc1)NC2CS[C@@H](CN(CC(O)=O)C2=O)c3sccc3,1,1,1.0
CCOC(=O)[C@H](CCc1ccccc1)N[C@@H](C)C(=O)N(CC(O)=O)C2Cc3ccccc3C2,1,1,1.0
CCOC(=O)[C@H](CCc1ccccc1)N[C@@H](C)C(=O)N2CCC[C@H]2C(O)=O,1,1,1.0
CCOC(=O)[C@H](CCc1ccccc1)N[C@@H](C)C(=O)N2Cc3cc(OC)c(OC)cc3C[C@H]2C(O)=O,1,1,1.0
CCOC(=O)[C@H](CCc1ccccc1)N[C@@H](C)C(=O)N2Cc3ccccc3C[C@H]2C(O)=O,1,1,1.0
CCOC(=O)[C@H](CCc1ccccc1)N[C@@H](C)C(=O)N2[C@@H](CN(C)C2=O)C(O)=O,1,1,1.0
CCOC(=O)[C@H](CCc1ccccc1)N[C@@H](C)C(=O)N2[C@H]3CCCC[C@@H]3C[C@H]2C(O)=O,1,1,1.0
CCOC(=O)[C@H](CCc1ccccc1)N[C@@H](C)C(=O)N2[C@H]3CCC[C@H]3C[C@H]2C(O)=O,1,1,1.0
CCOC(=O)[C@H](CCc1ccccc1)N[C@H]2CCc3ccccc3N(CC(O)=O)C2=O,1,1,1.0
CCOC(=O)c1c(N)sc2CN(CCc12)Cc3ccccc3,1,0,1.0
CCOC(=O)c1ccc(N)cc1,1,0,1.0
CCOC(=O)c1ccc(nc1)C#Cc2ccc3SCCC(C)(C)c3c2,1,0,1.0
CCOC(=O)c1cncn1C(C)c2ccccc2,1,0,1.0
CCOC(=O)c1ncn2c1CN(C)C(=O)c3cc(F)ccc23,1,0,1.0
CCOC(CN1CCN(CC1)CC(C)C(=O)c2ccccc2)c3ccccc3,1,0,1.0
CCOCC,0,0,1.0
CCOCCN(Cc1ccc(CN(CCOCC)C(=O)C(Cl)Cl)cc1)C(=O)C(Cl)Cl,1,0,0.0
CCOCCO,0,1,1.0
CCOCCOC(=O)/C=C/c1ccc(OC)cc1,0,0,1.0
CCOCCn1c(nc2ccccc12)C3CCN(CC3)CCc4ccc(cc4)C(C)(C)C(O)=O,1,1,1.0
CCOCc1nc2c(N)nc3ccccc3c2n1CC(C)(C)O,1,1,1.0
CCO[C@@H]1OC(=O)C[C@@H]1NC(=O)[C@@H]2CCCN3N2C(=O)[C@H](CCC3=O)NC(=O)c4nccc5ccccc45,1,1,1.0
CCO[P](=O)(OCC)OCC,0,0,1.0
CCO[P](=O)(OCC)Oc1ccc(cc1)[N+]([O-])=O,0,0,1.0
CCO[P](=S)(OCC)Oc1ccc2C(=C(Cl)C(=O)Oc2c1)C,0,0,1.0
CCOc1cc(CC(=O)N[C@@H](CC(C)C)c2ccccc2N3CCCCC3)ccc1C(O)=O,1,1,1.0
CCOc1cc(N)c(Cl)cc1C(=O)NCC2CN(CCO2)Cc3ccc(F)cc3,1,1,1.0
CCOc1cc(N)c(cc1C(=O)NC2CCN(CC2)CC3CCC=CC3)[N+]([O-])=O,1,1,1.0
CCOc1cc(OCC)c(cc1OCC)C(=O)CCC(O)=O,0,1,1.0
CCOc1cc2ncc(C#N)c(Nc3ccc(F)c(Cl)c3)c2cc1NC(=O)/C=C/CN(C)C,1,1,1.0
CCOc1ccc(C[C@H]2NC(=O)CCSSC[C@H](NC(=O)[C@H](CC(N)=O)NC(=O)C(NC(=O)[C@@H](NC2=O)[C@@H](C)CC)[C@@H](C)O)C(=O)N3CCC[C@H]3C(=O)N[C@@H](CCCN)C(=O)NCC(N)=O)cc1,1,1,0.0
CCOc1ccc(NC(C)=O)cc1,1,1,1.0
CCOc1ccc(N[S](=O)(=O)c2ccc(N)cc2)nn1,1,1,1.0
CCOc1ccc(cc1OCC)c2scc(n2)c3cccc(n3)C(O)=O,1,1,1.0
CCOc1ccc2C[C@@H]3[C@@H]4C=C[C@H](O)[C@@H]5Oc1c2[C@]45CCN3C,1,1,1.0
CCOc1ccc2nc(sc2c1)[S](N)(=O)=O,1,1,1.0
CCOc1ccccc1C(N)=O,1,1,1.0
CCOc1ccccc1OCCN[C@H](C)Cc2ccc(OC)c(c2)[S](N)(=O)=O,1,1,1.0
CCOc1nc2cccc(C(=O)OC(C)OC(=O)OC3CCCCC3)c2n1Cc4ccc(cc4)c5ccccc5c6n[nH]nn6,1,1,0.0
CCOc1nc2cccc(C(O)=O)c2n1Cc3ccc(cc3)c4ccccc4c5n[nH]nn5,1,1,1.0
CCSc1ccc2Sc3ccccc3N(CCCN4CCN(C)CC4)c2c1,1,0,1.0
CC[C@@H](C)[C@@H]1N2C(=O)[C@](NC(=O)[C@@H]3C[C@H]4[C@@H](Cc5c[nH]c6cccc4c56)N(C)C3)(O[C@@]2(O)[C@@H]7CCCN7C1=O)C(C)C,1,1,1.0
CC[C@@H](CO)NC(=O)[C@H]1CN(C)[C@@H]2Cc3cn(C)c4cccc(C2=C1)c34,1,1,1.0
CC[C@@H](CO)NCCN[C@@H](CC)CO,1,1,1.0
CC[C@@H](OC(C)=O)C(C[C@@H](C)N(C)C)(c1ccccc1)c2ccccc2,1,0,1.0
CC[C@@H]([C@H](C)O)N1N=CN(C1=O)c2ccc(cc2)N3CCN(CC3)c4ccc(OC[C@@H]5CO[C@@](C5)(Cn6cncn6)c7ccc(F)cc7F)cc4,1,1,0.0
CC[C@@H]1N(C(=O)OC(C)C)c2cc(F)ccc2NC1=O,1,1,1.0
CC[C@@]1(O)C(=O)OCC2=C1C=C3N(Cc4c(CCNC(C)C)c5ccccc5nc34)C2=O,1,1,1.0
CC[C@@]1(O)C(=O)OCC2=C1C=C3N(Cc4cc5c(CN(C)C)c(O)ccc5nc34)C2=O,1,1,1.0
CC[C@@]1(O)C(=O)OCC2=C1C=C3N(Cc4cc5ccccc5nc34)C2=O,1,1,1.0
CC[C@@]1(O)C[C@H](OC2CC(C(OC3CC(O)C(OC4CCC(=O)C(C)O4)C(C)O3)C(C)O2)N(C)C)c5c(O)c6C(=O)c7c(O)cccc7C(=O)c6cc5[C@H]1C(=O)OC,1,1,0.0
CC[C@@]12CCCN3CCc4c5ccccc5n(c4[C@H]13)[C@](O)(C2)C(=O)OC,1,1,1.0
CC[C@H](C)C(=O)O[C@H]1CCC=C2C=C[C@H](C)[C@H](CC[C@@H]3C[C@@H](O)CC(=O)O3)[C@@H]12,0,1,1.0
CC[C@H](C)C(=O)O[C@H]1C[C@@H](C)C=C2C=C[C@H](C)[C@H](CC[C@@H]3C[C@@H](O)CC(=O)O3)[C@@H]12,0,1,1.0
CC[C@H](C)C(=O)O[C@H]1C[C@H](O)C=C2C=C[C@H](C)[C@H](CC[C@@H](O)C[C@@H](O)CC(O)=O)[C@@H]12,0,1,1.0
CC[C@H](C)[C@@H]1NC(=O)[C@H](Cc2ccc(O)cc2)N(C)C(=O)CCCSC[C@H](NC(=O)[C@H](CC(N)=O)NC(=O)[C@H](CCC(N)=O)NC1=O)C(=O)N3CCC[C@H]3C(=O)N[C@@H](CC(C)C)C(=O)NCC(N)=O,1,1,0.0
CC[C@H](CO)Nc1nc(NCc2ccccc2)c3ncn(C(C)C)c3n1,1,1,1.0
CC[C@H](OC(C)=O)C(C[C@@H](C)N(C)C)(c1ccccc1)c2ccccc2,1,0,1.0
CC[C@H]1OC(=O)[C@H](C)[C@@H](O[C@H]2C[C@@](C)(OC)[C@@H](O)[C@H](C)O2)C(C)[C@@H](O[C@@H]3O[C@H](C)C[C@@H]([C@H]3O)N(C)C)[C@](C)(O)C[C@@H](C)CN(C)[C@H](C)[C@@H](O)[C@]1(C)O,1,1,0.0
CC[C@H]1OC(=O)[C@H](C)[C@@H](O[C@H]2C[C@@](C)(OC)[C@@H](O)[C@H](C)O2)[C@H](C)[C@@H](O[C@@H]3O[C@H](C)C[C@@H]([C@H]3O)N(C)C)[C@@](C)(C[C@@H](C)C(=O)[C@H](C)[C@@H](O)[C@]1(C)O)OC,1,1,0.0
CC[C@H]1OC(=O)[C@H](C)[C@@H](O[C@H]2C[C@@](C)(OC)[C@@H](O)[C@H](C)O2)[C@H](C)[C@@H](O[C@@H]3O[C@H](C)C[C@@H]([C@H]3O)N(C)C)[C@](C)(O)C[C@@H](C)C(=O)[C@H](C)[C@@H](O)[C@]1(C)O,1,1,0.0
CC[C@H]1[C@H](COC1=O)Cc2cncn2C,1,0,1.0
CC[C@]1(O)CC[C@H]2[C@@H]3CCC4=CC(=O)CC[C@@H]4[C@H]3CC[C@]12C,0,1,1.0
CC[C@]1(O)C[C@H]2CN(CCc3c([nH]c4ccccc34)[C@@](C2)(C(=O)OC)c5cc6c(cc5OC)N(C)[C@H]7[C@](O)([C@H](O)[C@]8(CC)C=CCN9CC[C@]67[C@H]89)C(N)=O)C1,1,1,1.0
CC[C@]1(O)C[C@H]2CN(CCc3c([nH]c4ccccc34)[C@@](C2)(C(=O)OC)c5cc6c(cc5OC)N(C)[C@H]7[C@](O)([C@H](OC(C)=O)[C@]8(CC)C=CCN9CC[C@]67[C@H]89)C(=O)OC)C1,1,1,1.0
CC[C@]1(O)C[C@H]2CN(CCc3c([nH]c4ccccc34)[C@@](C2)(C(=O)OC)c5cc6c(cc5OC)N(C=O)[C@H]7[C@](O)([C@H](OC(C)=O)[C@]8(CC)C=CCN9CC[C@]67[C@H]89)C(=O)OC)C1,1,1,1.0
CC[C@]12C=CC3=C4CCC(=O)C=C4CC[C@H]3[C@@H]1CC[C@@]2(O)C#C,0,1,1.0
CC[C@]12CC(=C)[C@H]3[C@@H](CCC4=CCCC[C@H]34)[C@@H]1CC[C@@]2(O)C#C,0,1,1.0
CC[C@]12CCCN3CCc4c5ccccc5n(C(=O)C1)c4[C@H]23,1,0,1.0
CC[C@]12CC[C@H]3[C@@H](CCC4=CC(/CC[C@H]34)=N/O)[C@@H]1CC[C@@]2(O)C#C,0,1,1.0
CC[C@]12CC[C@H]3[C@@H](CCC4=CC(/CC[C@H]34)=N/O)[C@@H]1CC[C@@]2(OC(C)=O)C#C,0,1,1.0
CC[C@]12CC[C@H]3[C@@H](CCC4=CC(=O)CC[C@H]34)[C@@H]1CC[C@@]2(O)C#C,0,1,1.0
CC[S](=O)(=O)CCn1c(C)ncc1[N+]([O-])=O,1,0,1.0
CCc1c(C)[nH]c2CCC(CN3CCOCC3)C(=O)c12,1,1,1.0
CCc1c2CN3C(=O)C4=C(C=C3c2nc5ccc(OC(=O)N6CCC(CC6)N7CCCCC7)cc15)[C@@](O)(CC)C(=O)OC4,1,1,1.0
CCc1cc(ccn1)C(N)=S,1,1,1.0
CCc1cc2CC(Cc2cc1CC)NCC(O)c3ccc(O)c4NC(=O)C=Cc34,1,1,1.0
CCc1ccc(CCOc2ccc(CC3SC(=O)NC3=O)cc2)nc1,1,1,1.0
CCc1ccc(cc1)C(=O)C(C)CN2CCCCC2,1,0,1.0
CCc1cccc2c3CCOC(CC)(CC(O)=O)c3[nH]c12,1,1,1.0
CCc1nc(N)nc(N)c1c2ccc(Cl)cc2,1,0,1.0
CCc1oc2ccccc2c1C(=O)c3cc(Br)c(O)c(Br)c3,0,1,1.0
CCc1oc2ccccc2c1C(=O)c3cc(I)c(O)c(I)c3,0,1,0.0
CCc1sc2N(C)C(=O)CN=C(c3ccccc3Cl)c2c1,1,0,1.0
CCc1sc2n3c(C)nnc3CN=C(c4ccccc4Cl)c2c1,1,0,1.0
CN(C(=O)C(Cl)Cl)c1ccc(O)cc1,1,1,1.0
CN(C(=O)C(Cl)Cl)c1ccc(OC(=O)c2occc2)cc1,1,0,1.0
CN(C(=O)CC(=O)N(C)c1c(I)c(C(=O)NC(CO)C(O)CO)c(I)c(C(=O)NC(CO)C(O)CO)c1I)c2c(I)c(C(=O)NC(CO)C(O)CO)c(I)c(C(=O)NC(CO)C(O)CO)c2I,1,1,0.0
CN(C(=O)CN(CCO)CC(=O)N(C)C(C)(C)Cc1ccccc1)C(C)(C)Cc2ccccc2,1,1,1.0
CN(C(=O)CO)c1c(I)c(C(=O)NCC(O)CO)c(I)c(C(=O)NCC(O)CO)c1I,1,1,0.0
CN(C(=S)Oc1ccc2ccccc2c1)c3cccc(C)c3,1,0,1.0
CN(C(C)=O)C1(CCN(CCC[C@@]2(CCCN(C2)C(=O)c3ccccc3)c4ccc(Cl)c(Cl)c4)CC1)c5ccccc5,1,0,0.0
CN(C(C)=O)c1c(I)c(NC(C)=O)c(I)c(C(O)=O)c1I,1,1,1.0
CN(C)C(=O)CCCOC(=O)C(C)(C)Oc1ccc(Cl)cc1,1,0,1.0
CN(C)C(=O)Cc1n2cc(C)ccc2nc1c3ccc(C)cc3,1,0,1.0
CN(C)C(=O)OC1N=C(c2ccccc2)c3cc(Cl)ccc3N(C)C1=O,1,0,1.0
CN(C)C(=O)Oc1cc(OC(=O)N(C)C)cc(c1)C(O)CNC(C)(C)C,1,1,1.0
CN(C)C(=S)SC(=S)N(C)C,1,0,1.0
CN(C)C(=S)SSC(=S)N(C)C,1,0,1.0
CN(C)CC(c1ccc(O)cc1)C2(O)CCCCC2,1,1,1.0
CN(C)CCC(O)(c1ccccc1)c2ccccc2Cl,1,1,1.0
CN(C)CCC(c1ccc(Br)cc1)c2ccccn2,1,0,1.0
CN(C)CCC(c1ccccc1)c2ccccn2,1,0,1.0
CN(C)CCC=C1c2ccccc2CCc3ccccc13,1,0,1.0
CN(C)CCCC1(OCc2cc(ccc12)C#N)c3ccc(F)cc3,1,0,1.0
CN(C)CCCN1c2ccccc2C(C)(C)c3ccccc13,1,0,1.0
CN(C)CCCN1c2ccccc2CCc3ccc(Cl)cc13,1,0,1.0
CN(C)CCCN1c2ccccc2CCc3ccccc13,1,0,1.0
CN(C)CCCN1c2ccccc2Sc3ccc(Cl)cc13,1,0,1.0
CN(C)CCCN1c2ccccc2Sc3ccc(cc13)C(F)(F)F,1,0,1.0
CN(C)CCCN1c2ccccc2Sc3ccccc13,1,0,1.0
CN(C)CCCOC1(CCCCCC1)Cc2ccccc2,1,0,1.0
CN(C)CCC[C@]1(OCc2cc(ccc12)C#N)c3ccc(F)cc3,1,0,1.0
CN(C)CCCn1c2CCCCCCc2c3ccccc13,1,0,1.0
CN(C)CCCn1cc(c2ccccc12)C3=C(C(=O)NC3=O)c4c[nH]c5ccccc45,1,1,1.0
CN(C)CCN(Cc1sccc1)c2ccccn2,1,0,1.0
CN(C)CCN1C(=O)c2cccc3cc(N)cc(C1=O)c23,1,0,1.0
CN(C)CCO,1,1,1.0
CN(C)CCOC(=O)C(c1ccccc1)C2(O)CCCC2,1,1,1.0
CN(C)CCOC(=O)COc1ccc(Cl)cc1,1,0,1.0
CN(C)CCOC(C)(c1ccccc1)c2ccccn2,1,0,1.0
CN(C)CCOC(c1ccc(Cl)cc1)c2ccccn2,1,0,1.0
CN(C)CCOC(c1ccccc1)c2ccccc2,1,0,1.0
CN(C)CCOC(c1ccccc1)c2ccccc2C,1,0,1.0
CN(C)CCOC1=Cc2ccccc2Sc3ccc(Cl)cc13,1,0,1.0
CN(C)CCOc1ccccc1Cc2ccccc2,1,0,1.0
CN(C)CC[C@@H](c1ccc(Br)cc1)c2ccccn2,1,0,1.0
CN(C)CCc1c[nH]c2ccc(C[C@@H]3COC(=O)N3)cc12,1,1,1.0
CN(C)CCc1c[nH]c2ccc(C[S](=O)(=O)N3CCCC3)cc12,1,1,1.0
CN(C)CCc1c[nH]c2ccc(Cn3cncn3)cc12,1,1,1.0
CN(C)CCc1c[nH]c2ccc(O)cc12,1,1,1.0
CN(C)CCn1nnnc1SCC2=C(N3[C@H](SC2)[C@H](NC(=O)Cc4csc(N)n4)C3=O)C(O)=O,1,1,1.0
CN(C)C[C@@H]1CCn2cc(c3ccccc23)C4=C(C(=O)NC4=O)c5cn(CCO1)c6ccccc56,1,1,1.0
CN(C)[S](=O)(=O)c1ccc2Sc3ccccc3N(CCCN4CCC(CCO)CC4)c2c1,1,1,1.0
CN(C)c1nc(nc(n1)N(C)C)N(C)C,1,0,1.0
CN(C1CCN(CC1)c2nc3ccccc3n2Cc4ccc(F)cc4)C5=NC=CC(=O)N5,1,1,1.0
CN(CC#C)Cc1ccccc1,1,0,1.0
CN(CC(=O)N1CCOCC1)Cc2c(Cl)cccc2NC(=O)c3ccccc3,1,1,1.0
CN(CC(O)=O)C(N)=N,1,1,1.0
CN(CCCl)CCCl,1,0,1.0
CN(CCO[P](O)(O)=O)C(N)=N,1,1,1.0
CN(CCOc1ccc(N[S](C)(=O)=O)cc1)CCc2ccc(N[S](C)(=O)=O)cc2,1,1,1.0
CN(Cc1cc(Br)cc(Br)c1N)C2CCCCC2,1,0,1.0
CN(Cc1ccc(cc1)C(C)(C)C)Cc2cccc3ccccc23,1,0,1.0
CN(Cc1ccc2NC(=NC(=O)c2c1)C)c3sc(cc3)C(=O)N[C@@H](CCC(O)=O)C(O)=O,1,1,1.0
CN(Cc1cnc2nc(N)nc(N)c2n1)c3ccc(cc3)C(=O)N[C@@H](CCC(O)=O)C(O)=O,1,1,0.0
CN(N=O)C(=O)N[C@H]1[C@@H](O)O[C@H](CO)[C@@H](O)[C@@H]1O,1,1,1.0
CN([C@@H]1CC[C@@]2(O)[C@H]3Cc4ccc(O)c5O[C@@H]1[C@]2(CCN3CC6CC6)c45)C(=O)/C=C/c7cocc7,1,1,1.0
CN1C(=C(/O)Nc2ccccn2)/C(=O)c3ccccc3[S]1(=O)=O,1,1,1.0
CN1C(=C(/O)Nc2ccccn2)/C(=O)c3sc(Cl)cc3[S]1(=O)=O,1,1,1.0
CN1C(=C(/O)Nc2sc(C)cn2)/C(=O)c3ccccc3[S]1(=O)=O,1,1,1.0
CN1C(=O)C(NC(=O)c2cc3cccc4CCCn2c34)N=C(c5ccccc5)c6ccccc16,1,1,1.0
CN1C(=O)C(O)N=C(c2ccccc2)c3cc(Cl)ccc13,1,1,1.0
CN1C(=O)C(O)N=C(c2ccccc2Cl)c3cc(Cl)ccc13,1,1,1.0
CN1C(=O)CC(=O)N(c2ccccc2)c3cc(Cl)ccc13,1,1,1.0
CN1C(=O)CC(C)(C1=O)c2ccccc2,1,0,1.0
CN1C(=O)CC(C1=O)c2ccccc2,1,0,1.0
CN1C(=O)CN2C(=O)C=C(C)OC2(c3ccccc3)c4cc(Cl)ccc14,1,0,1.0
CN1C(=O)CN=C(C2=CCCCC2)c3cc(Cl)ccc13,1,0,1.0
CN1C(=O)CN=C(c2ccccc2)c3cc(Cl)ccc13,1,0,1.0
CN1C(=O)CN=C(c2ccccc2F)c3cc(Cl)ccc13,1,0,1.0
CN1C(=O)CN=C(c2ccccc2F)c3cc(ccc13)[N+]([O-])=O,1,0,1.0
CN1C(=O)N(C(=O)C=C1C(F)(F)F)c2ccc(Cl)c(c2)C(=O)OC(C)(C)C(=O)OCC=C,1,0,1.0
CN1C(=O)N(C)c2nc[nH]c2C1=O,1,1,1.0
CN1C(=O)N(C)c2ncn(CC(O)CO)c2C1=O,1,1,1.0
CN1C(=O)N(Cc2occc2)c3nc(C)[nH]c3C1=O,1,1,1.0
CN1C(=O)NC(=O)C(C)(C1=O)C2=CCCCC2,1,1,1.0
CN1C(=O)NC(=O)N(C1=O)c2ccc(Oc3ccc(cc3)[S](=O)(=O)C(F)(F)F)c(C)c2,1,1,1.0
CN1C(=O)OC(C)(C)C1=O,1,0,1.0
CN1C(CCl)Nc2cc(Cl)c(cc2[S]1(=O)=O)[S](N)(=O)=O,0,1,1.0
CN1C(CSCC(F)(F)F)Nc2cc(Cl)c(cc2[S]1(=O)=O)[S](N)(=O)=O,0,1,1.0
CN1C(c2ccc(Cl)cc2)[S](=O)(=O)CCC1=O,1,0,1.0
CN1C2C(N(C)C1=O)N(C)C(=O)N2C,1,0,1.0
CN1C2CCC1CC(C2)OC(=O)C(CO)c3ccccc3,1,1,1.0
CN1C2CCC1CC(C2)OC(=O)C(O)c3ccccc3,1,1,1.0
CN1C=CC(=O)C(=C1C)O,1,1,1.0
CN1C=CNC1=S,1,1,1.0
CN1CC(=O)N2[C@H](Cc3c([nH]c4ccccc34)[C@H]2c5ccc6OCOc6c5)C1=O,1,1,1.0
CN1CC(O)C2=CC(=N/NC(N)=O)/C(=O)C=C12,1,1,1.0
CN1CCC(C1)CN2c3ccccc3Sc4ccccc24,1,0,1.0
CN1CCC(CC1)=C2c3ccccc3C=Cc4ccccc24,1,0,1.0
CN1CCC(CC1)=C2c3ccccc3CC(=O)c4sccc24,1,0,1.0
CN1CCC(CC1)=C2c3ccccc3CCc4cccnc24,1,0,1.0
CN1CCC(CC1)=C2c3ccccc3CCn4c(C=O)cnc24,1,0,1.0
CN1CCC(CC1)=C2c3ccccc3Sc4ccccc24,1,0,1.0
CN1CCC(CC1)=C2c3ccsc3CCc4ccccc24,1,0,1.0
CN1CCC(CC1)OC(c2ccccc2)c3ccccc3,1,0,1.0
CN1CCC2=C(C1)C(c3ccccc3)c4ccccc24,1,0,1.0
CN1CCC2=C(C1)c3ccccc3Cc4ccccc24,1,0,1.0
CN1CCCCC1C(=O)Nc2c(C)cccc2C,1,1,1.0
CN1CCCCC1CCN2c3ccccc3Sc4ccc(cc24)[S](C)=O,1,0,1.0
CN1CCCN=C1COC(=O)C(O)(C2CCCCC2)c3ccccc3,1,1,1.0
CN1CCC[C@@H]1Cc2c[nH]c3ccc(CC[S](=O)(=O)c4ccccc4)cc23,1,1,1.0
CN1CCN(CC/C=C/2c3ccccc3Sc4ccc(cc24)[S](=O)(=O)N(C)C)CC1,1,0,1.0
CN1CCN(CC1)C(=O)OC2N(C(=O)c3nccnc23)c4ccc(Cl)cn4,1,0,1.0
CN1CCN(CC1)C(=O)O[C@@H]2N(C(=O)c3nccnc23)c4ccc(Cl)cn4,1,0,1.0
CN1CCN(CC1)C(c2ccccc2)c3ccc(Cl)cc3,1,0,1.0
CN1CCN(CC1)C(c2ccccc2)c3ccccc3,1,0,1.0
CN1CCN(CC1)C2=C3C=C(C)SC3=Nc4ccccc4N2,1,0,1.0
CN1CCN(CC1)C2=C3C=CC=CC3=Nc4ccc(Cl)cc4N2,1,0,1.0
CN1CCN(CC1)C2=Nc3ccccc3Oc4ccc(Cl)cc24,1,0,1.0
CN1CCN(CC1)C2=Nc3ccccc3Sc4ccc(Cl)cc24,1,0,1.0
CN1CCN(CC1)CC(=O)N2c3ccccc3C(=O)Nc4cccnc24,1,1,1.0
CN1CCN(CC1)Cc2ccc(cc2)C(=O)Nc3ccc(C)c(Nc4nccc(n4)c5cccnc5)c3,1,1,1.0
CN1CCN(CC1)c2cc(c(cn2)N(C)C(=O)C(C)(C)c3cc(cc(c3)C(F)(F)F)C(F)(F)F)c4ccccc4C,1,0,0.0
CN1CCN(CCCCN2C(=O)CN(/N=C/c3oc(cc3)c4ccc(Cl)cc4)C2=O)CC1,1,0,1.0
CN1CCN(CCCN2c3ccccc3Sc4ccc(Cl)cc24)CC1,1,0,1.0
CN1CCN(CCCN2c3ccccc3Sc4ccc(cc24)C(F)(F)F)CC1,1,0,1.0
CN1CCN(CCCN2c3ccccc3Sc4ccc(cc24)[S](=O)(=O)N(C)C)CC1,1,0,1.0
CN1CCN2C(C1)c3ccccc3Cc4cccnc24,1,0,1.0
CN1CC[C@@]23CCCC[C@@H]2[C@@H]1Cc4ccc(C)cc34,1,0,1.0
CN1CC[C@@]23[C@H]4CCC(=O)[C@@H]2Oc5c(O)ccc(C[C@@H]14)c35,1,1,1.0
CN1CC[C@]23CCCC[C@H]2[C@H]1Cc4ccc(O)cc34,1,1,1.0
CN1CC[C@]23[C@H]4Oc5c(O)ccc(C[C@@H]1[C@]2(O)CCC4=O)c35,1,1,1.0
CN1CC[C@]23[C@H]4Oc5c(OC(C)=O)ccc(C[C@@H]1[C@@H]2C=C[C@@H]4OC(C)=O)c35,1,0,1.0
CN1CC[C@]23[C@H]4Oc5c(OCc6ccccc6)ccc(C[C@@H]1[C@@H]2C=C[C@@H]4O)c35,1,1,1.0
CN1CCc2cc3OCOc3cc2[C@H]1[C@@H]4OC(=O)c5c6OCOc6ccc45,1,0,1.0
CN1N(C(=O)C=C1C)c2ccccc2,1,0,1.0
CN1N=C(SC1=NC(C)=O)[S](N)(=O)=O,1,1,1.0
CN1N=C2CCN(C[C@@]2(Cc3ccccc3)C1=O)C(=O)[C@@H](COCc4ccccc4)NC(=O)C(C)(C)N,1,1,1.0
CN1N=Nc2n(cnc2C(N)=O)C1=O,1,1,1.0
CN1[C@@H]2CC[C@@H]1CC(C2)OC(c3ccccc3)c4ccccc4,1,0,1.0
CN=C(NCCSCc1nc[nH]c1C)NC#N,1,1,1.0
CN=C1CN(O)C(=C2C=C(Cl)C=CC2=N1)c3ccccc3,1,0,1.0
CNC(=O)N(N(CCCl)[S](C)(=O)=O)[S](C)(=O)=O,1,1,1.0
CNC(=O)Oc1ccc2N(C)[C@H]3N(C)CC[C@@]3(C)c2c1,1,1,1.0
CNC(=O)[C@@H](C)[C@@H]1N([C@@H]2CC[C@H](O)[C@H](C)O2)C(=C(C(=O)/C=C/C(C)=C/[C@@H](C)[C@@H]3O[C@]4(C)O[C@@H](C=C[C@]45CO5)[C@@H]3C)C1=O)O,1,1,1.0
CNC(=O)[C@H]1O[C@H]([C@H](O)[C@@H]1O)n2cnc3c(NCc4cccc(I)c4)nc(Cl)nc23,1,1,1.0
CNC(=O)c1c(I)c(N(C)C(C)=O)c(I)c(C(=O)NCC(=O)Nc2c(I)c(C(O)=O)c(I)c(C(=O)NCCO)c2I)c1I,1,1,0.0
CNC(=O)c1cc(Oc2ccc(NC(=O)Nc3ccc(Cl)c(c3)C(F)(F)F)cc2)ccn1,1,1,1.0
CNC(=O)c1cnn(c1)c2nc(N)c3ncn([C@@H]4O[C@H](CO)[C@@H](O)[C@H]4O)c3n2,1,1,1.0
CNC(=S)NCCSCc1nc[nH]c1C,1,1,1.0
CNC(C)(C)Cc1ccccc1,1,0,1.0
CNC(C)CC1CCCCC1,1,0,1.0
CNC(NCc1ccccc1)=NC,1,0,1.0
CNC1(C)C2CCC(C2)C1(C)C,1,0,1.0
CNC1(CCCCC1=O)c2ccccc2Cl,1,0,1.0
CNC1C(O)C(OCC1(C)O)OC2C(O)C(OC3OC(CN)C(O)C(O)C3O)C(N)CC2NC(=O)C(O)CN,1,1,0.0
CNC1CCc2cc(OC)c(OC)c(OC)c2C3=CC=C(OC)C(=O)C=C13,1,0,1.0
CNCC(O)c1ccc(O)c(O)c1,1,1,
CNCC(O)c1ccc(O)cc1,1,1,1.0
CNCC(O)c1ccc(OC(=O)C(C)(C)C)c(OC(=O)C(C)(C)C)c1,1,1,1.0
CNCCC(Oc1ccc(cc1)C(F)(F)F)c2ccccc2,1,0,1.0
CNCCC=C1c2ccccc2CCc3ccccc13,1,0,1.0
CNCCCC12CCC(c3ccccc13)c4ccccc24,1,0,1.0
CNCCCC1c2ccccc2C=Cc3ccccc13,1,0,1.0
CNCCCN1c2ccccc2CCc3ccccc13,1,0,1.0
CNCCc1ccc(OC(=O)C(C)C)c(OC(=O)C(C)C)c1,1,0,1.0
CNCCc1ccccn1,1,0,1.0
CNC[C@H](O)c1ccc(O)c(O)c1,1,1,1.0
CNC[C@H](O)c1cccc(O)c1,1,1,1.0
CNNCc1ccc(cc1)C(=O)NC(C)C,1,1,1.0
CN[C@@H](C)Cc1ccccc1,1,0,1.0
CN[C@@H](C)[C@@H](O)c1ccccc1,1,1,1.0
CN[C@@H](C)[C@H](O)c1ccccc1,1,1,1.0
CN[C@@H]1CCc2[nH]c3ccc(cc3c2C1)C(N)=O,1,1,1.0
CN[C@@H]1C[C@H]2O[C@@](C)([C@@H]1OC)n3c4ccccc4c5c6CNC(=O)c6c7c8ccccc8n2c7c35,1,1,1.0
CN[C@@H]1[C@@H](O)[C@H](OC[C@]1(C)O)O[C@H]2[C@H](N)C[C@H](N)[C@@H](O[C@H]3O[C@H](CN)CC[C@H]3N)[C@@H]2O,1,1,0.0
CN[C@@]1(CCCCC1=O)c2ccccc2Cl,1,0,1.0
CN[C@H](C)Cc1ccccc1,1,0,1.0
CN[C@H](CC(C)C)C(=O)NC1[C@H](O)c2ccc(Oc3cc4cc(Oc5ccc(cc5Cl)[C@@H](O)[C@@H]6NC(=O)[C@H](NC(=O)[C@@H]4NC(=O)[C@H](CC(N)=O)NC1=O)c7ccc(O)c(c7)c8c(O)cc(O)cc8[C@@H](NC6=O)C(O)=O)c3O[C@@H]9O[C@H](CO)[C@@H](O)[C@H](O)[C@H]9O[C@H]%10C[C@](C)(N)[C@H](O)[C@H](C)O%10)c(Cl)c2,1,1,0.0
CN[C@H](CC(C)C)C(=O)N[C@@H]1[C@H](O)c2ccc(Oc3cc4cc(Oc5ccc(cc5Cl)[C@@H](O[C@H]6C[C@](C)(N)[C@@H](O)[C@H](C)O6)[C@@H]7NC(=O)[C@H](NC(=O)[C@@H]4NC(=O)[C@H](CC(N)=O)NC1=O)c8ccc(O)c(c8)c9c(O)cc(O)cc9[C@@H](NC7=O)C(O)=O)c3O[C@@H]%10O[C@H](CO)[C@@H](O)[C@H](O)[C@H]%10O[C@H]%11C[C@](C)(NCc%12ccc(cc%12)c%13ccc(Cl)cc%13)[C@@H](O)[C@H](C)O%11)c(Cl)c2,1,1,0.0
CN[C@H]1[C@H](O)[C@@H](O)[C@H](CO)O[C@H]1O[C@H]2[C@@H](O[C@@H](C)[C@]2(O)C=O)O[C@H]3[C@H](O)[C@@H](O)[C@H](N=C(N)N)[C@@H](O)[C@@H]3N=C(N)N,1,1,0.0
CN[C@H]1[C@H](O)[C@@H](O)[C@H](CO)O[C@H]1O[C@H]2[C@@H](O[C@@H](C)[C@]2(O)CO)O[C@@H]3[C@@H](O)[C@H](O)[C@@H](N=C(N)N)[C@H](O)[C@H]3N=C(N)N,1,1,0.0
CN[S]#CNCO,1,1,1.0
CN[S](=O)(=O)CCc1ccc2[nH]cc(C3CCN(C)CC3)c2c1,1,1,1.0
CN[S](=O)(=O)Cc1ccc2[nH]cc(CCN(C)C)c2c1,1,1,1.0
CO/N=C(C(=O)N[C@H]1[C@H]2SCC(=C(N2C1=O)C(O)=O)C)/c3csc(N)n3,1,1,1.0
COC(=O)C(C1CCCCN1)c2ccccc2,1,0,1.0
COC(=O)C(Cc1ccccc1)NC(=O)C(N)CC(O)=O,1,1,1.0
COC(=O)C1=C(C)NC(=C(C1c2cccc(c2)[N+]([O-])=O)C(=O)OCCN(C)Cc3ccccc3)C,1,0,1.0
COC(=O)C1=C(C)NC(=C(C1c2cccc(c2)[N+]([O-])=O)C(=O)O[C@@H]3CCCN(C3)Cc4ccccc4)C,1,0,1.0
COC(=O)C1=C(C)NC(=C(C1c2cccc(c2)[N+]([O-])=O)C(=O)O[C@H]3CCN(C3)Cc4ccccc4)C,1,0,1.0
COC(=O)C1=C(C)NC(=C(C1c2cccc3nonc23)C(=O)OC(C)C)C,1,0,1.0
COC(=O)C1=C(C)NC(=C(C1c2ccccc2[N+]([O-])=O)C(=O)OC)C,1,0,1.0
COC(=O)C1=C(C)NC(=C(C1c2ccccc2[N+]([O-])=O)C(=O)OCC(C)=O)C,1,0,1.0
COC(=O)C1=C(C)NC(=C(C1c2ccccc2[N+]([O-])=O)C(=O)OCC(C)C)C,1,0,1.0
COC(=O)C1=C(NC(=C(C1c2cccc(c2)[N+]([O-])=O)C(=O)OC(C)C)C)C#N,1,0,1.0
COC(=O)C1=CCCN(C)C1,1,0,1.0
COC(=O)N[C@H](C(=O)N[C@@H](Cc1ccccc1)[C@@H](O)CN(Cc2ccc(cc2)c3ccccn3)NC(=O)[C@@H](NC(=O)OC)C(C)(C)C)C(C)(C)C,1,1,0.0
COC(=O)Nc1[nH]c2cc(Sc3ccccc3)ccc2n1,1,1,1.0
COC(=O)Nc1[nH]c2cc(ccc2n1)C(=O)C3CC3,1,1,1.0
COC(=O)Nc1[nH]c2cc(ccc2n1)C(=O)c3ccc(F)cc3,1,1,1.0
COC(=O)Nc1[nH]c2cc(ccc2n1)C(=O)c3ccccc3,1,1,1.0
COC(=O)[C@@H](N)Cc1ccc(O)c(O)c1,1,1,1.0
COC(=O)[C@@H](N1CCc2sccc2C1)c3ccccc3Cl,1,0,1.0
COC(=O)[C@@H]([C@H]1CCCCN1)c2ccccc2,1,0,1.0
COC(=O)[C@@H]1CC2=CC(=O)CC[C@]2(C)[C@@]34O[C@@H]3C[C@@]5(C)[C@@H](CC[C@@]56CCC(=O)O6)[C@H]14,0,0,1.0
COC(=O)[C@H]1[C@@H](O)CC[C@H]2CN3CCc4c([nH]c5ccccc45)[C@@H]3C[C@H]12,1,1,1.0
COC(=O)c1ccc(O)cc1,0,1,1.0
COC(=O)c1ccccc1C(=O)OC,0,0,1.0
COC(=O)c1ccccc1O,0,1,1.0
COC(=O)c1cccnc1,1,0,1.0
COC(C(Oc1nc(C)cc(C)n1)C(O)=O)(c2ccccc2)c3ccccc3,1,1,1.0
COC(F)(F)C(Cl)Cl,0,0,1.0
COC12C=CC3(CC1C(C)(C)O)[C@@H]4Cc5ccc(O)c6O[C@H]2[C@@]3(CCN4CC7CC7)c56,1,1,1.0
COC1=C(OC)C(=O)C(=C(C)C1=O)CCCCCCCCCCO,0,1,1.0
COC1=CC=C2C(=CC1=O)[C@H](CCc3cc(OC)c(OC)c(OC)c23)NC(C)=O,1,1,1.0
COC1CC(=O)C[C@@H](C)[C@]12Oc3c(Cl)c(OC)cc(OC)c3C2=O,0,0,1.0
COCC(=O)Nc1c(I)c(C(=O)NCC(O)CO)c(I)c(c1I)C(=O)N(C)CC(O)CO,1,1,0.0
COCC(=O)O[C@]1(CCN(C)CCCc2[nH]c3ccccc3n2)CCc4cc(F)ccc4[C@@H]1C(C)C,1,1,0.0
COCCCN1CCC(CC1)NC(=O)c2cc(Cl)c(N)c3CCOc23,1,1,1.0
COCCCOc1cc(C[C@@H](C[C@H](N)[C@@H](O)C[C@@H](C(C)C)C(=O)NCC(C)(C)C(N)=O)C(C)C)ccc1OC,1,1,0.0
COCCCOc1ccnc(C[S](=O)c2[nH]c3ccccc3n2)c1C,1,1,1.0
COCCO,0,1,1.0
COCCOC(=O)C1=C(C)NC(=C(C1c2cccc(c2)[N+]([O-])=O)C(=O)OC(C)C)C,1,0,1.0
COCCOCCOCCOC,0,0,1.0
COCCOCCOCCOCCOC,0,0,1.0
COCCOc1cnc(N[S](=O)(=O)c2ccccc2)nc1,1,1,1.0
COCCc1ccc(OCC(O)CNC(C)C)cc1,1,1,1.0
COC[C@@H](NC(C)=O)C(=O)NCc1ccccc1,1,1,1.0
COC[C@H]1OC(=O)c2coc3C(=O)C4=C([C@@H](C[C@@]5(C)[C@H]4CCC5=O)OC(C)=O)[C@]1(C)c23,0,0,1.0
COCc1c(ncc2[nH]c3cccc(Oc4ccc(Cl)cc4)c3c12)C(=O)OC(C)C,1,1,1.0
CONC(=O)Nc1ccc(cc1)c2sc3N(Cc4c(F)cccc4F)C(=O)N(C(=O)c3c2CN(C)Cc5ccccc5)c6ccccc6,1,1,0.0
CO[C@@H]([C@@H]1Cc2cc3cc(O[C@H]4C[C@@H](O[C@H]5C[C@@H](O)[C@H](O)[C@@H](C)O5)[C@H](O)[C@@H](C)O4)c(C)c(O)c3c(O)c2C(=O)[C@H]1O[C@H]6C[C@@H](O[C@H]7C[C@@H](O[C@H]8C[C@](C)(O)[C@H](O)[C@@H](C)O8)[C@H](O)[C@@H](C)O7)[C@H](O)[C@@H](C)O6)C(=O)[C@@H](O)[C@@H](C)O,0,1,0.0
CO[C@@H]1C[C@@H](C[C@H]2CC[C@H](C)[C@@H](O2)[C@@H](C)C(O)=O)O[C@]3(O[C@@](C)(C[C@H]3C)[C@H]4CC[C@](C)(O4)[C@@H]5O[C@H](C[C@@H]5C)[C@H]6O[C@@](O)(CO)[C@H](C)C[C@@H]6C)[C@@H]1C,0,1,0.0
CO[C@@]12[C@H](COC(N)=O)C3=C(N1C[C@@H]4N[C@H]24)C(=O)C(=C(N)C3=O)C,1,1,1.0
CO[C@H]1CNCC[C@H]1NC(=O)c2cc(Cl)c(N)cc2OC,1,1,1.0
CO[C@H]1C[C@@H](O[C@@H](C)[C@@H]1OC(C)=O)O[C@H]2[C@H](C)[C@@H](O[C@@H]3O[C@H](C)C[C@@H]([C@H]3OC(C)=O)N(C)C)[C@@H](C)C[C@@]4(CO4)C(=O)[C@H](C)[C@@H](OC(C)=O)[C@@H](C)[C@@H](C)OC(=O)[C@@H]2C,1,0,0.0
CO[C@H]1C[C@@]2(C)[C@@H](CC[C@@]2(O)C#C)[C@@H]3CCc4cc(O)ccc4[C@@H]13,0,1,1.0
CO[C@H]1O[C@@H]2O[C@@]3(C)CC[C@H]4[C@H](C)CC[C@@H]([C@H]1C)[C@@]24OO3,0,0,1.0
CO[C@H]1[C@@H](CC(=O)O[C@H](C)C/C=C/C=C/[C@H](O)[C@H](C)C[C@H](CC=O)[C@@H]1O[C@@H]2O[C@H](C)[C@@H](O[C@H]3C[C@@](C)(O)[C@@H](OC(=O)CC(C)C)[C@H](C)O3)[C@@H]([C@H]2O)N(C)C)OC(C)=O,1,1,0.0
CO[C@H]1[C@@H](C[C@@H]2CN3CCc4c([nH]c5cc(OC)ccc45)[C@H]3C[C@@H]2[C@@H]1C(=O)OC)OC(=O)c6cc(OC)c(OC)c(OC)c6,1,1,1.0
CO[C@H]1[C@@H](C[C@@H]2CN3CCc4c([nH]c5ccccc45)[C@H]3C[C@@H]2[C@@H]1C(=O)OC)OC(=O)c6cc(OC)c(OC)c(OC)c6,1,1,1.0
CO[C@]1(NC(=O)CSCC#N)[C@H]2SCC(=C(N2C1=O)C(O)=O)CSc3nnnn3C,1,1,1.0
CO[C@]1(NC(=O)Cc2sccc2)[C@H]3SCC(=C(N3C1=O)C(O)=O)COC(N)=O,1,1,1.0
CO[P](=S)(OC)Oc1ccc(Sc2ccc(O[P](=S)(OC)OC)cc2)cc1,0,0,1.0
COc1c(N2CCNC(C)C2)c(F)cc3C(=O)C(=CN(C4CC4)c13)C(O)=O,1,1,1.0
COc1c(N2C[C@@H]3CCCN[C@@H]3C2)c(F)cc4C(=O)C(=CN(C5CC5)c14)C(O)=O,1,1,1.0
COc1c(O[C@@H]2O[C@H](CO)[C@@H](O)[C@H](O)[C@H]2O)cc3CCC(NC(C)=O)C4=CC(=O)C(=CC=C4c3c1OC)SC,1,1,1.0
COc1c2ccoc2cc3OC(=O)C=Cc13,0,0,1.0
COc1c2occc2cc3C=CC(=O)Oc13,0,0,1.0
COc1cc(C)nc(n1)n2nc(C)cc2OC,1,0,1.0
COc1cc(CC=C)ccc1O,0,1,1.0
COc1cc(CCC(C)=O)ccc1O,0,1,1.0
COc1cc(Cc2cnc(N)nc2N)c3C=CC(Oc3c1OC)C4CC4,1,0,1.0
COc1cc(Cc2cnc(N)nc2N)cc(OC)c1OC,1,0,1.0
COc1cc(N)c(Cl)cc1C(=O)NC2CCN(CC2)Cc3ccccc3,1,1,1.0
COc1cc(NC(=O)Nc2cccc(CNC(=O)O[C@H]3CCOC3)c2)ccc1c4ocnc4,1,1,1.0
COc1cc(NC(C)CCCN)c2ncccc2c1,1,0,1.0
COc1cc(NCc2ccc3nc(N)nc(N)c3c2C)cc(OC)c1OC,1,0,1.0
COc1cc(N[S](=O)(=O)c2ccc(N)cc2)nc(OC)n1,1,1,1.0
COc1cc(N[S](C)(=O)=O)ccc1Nc2c3ccccc3nc4ccccc24,1,1,1.0
COc1cc(Nc2c(cnc3cc(OCCCN4CCN(C)CC4)c(OC)cc23)C#N)c(Cl)cc1Cl,1,0,1.0
COc1cc(O)c(cc1OC)C(=O)Nc2scc(n2)C(=O)NCCN(C(C)C)C(C)C,1,1,1.0
COc1cc(cc(OC)c1OC)C(=O)NC2CCCNC2,1,1,1.0
COc1cc(cc(OC)c1OC)C(=O)NCc2ccc(OCCN(C)C)cc2,1,1,1.0
COc1cc(cc(OC)c1OC)C(=O)OCCCN(C)CCN(C)CCCOC(=O)c2cc(OC)c(OC)c(OC)c2,1,0,0.0
COc1cc(cc(OC)c1OC)C(=O)OCCCN2CCCN(CCCOC(=O)c3cc(OC)c(OC)c(OC)c3)CC2,1,0,0.0
COc1cc(cc(OC)c1OC)[C@H]2[C@@H]3[C@H](COC3=O)[C@@H](O)c4cc5OCOc5cc24,0,1,1.0
COc1cc(cc(OC)c1OC)[C@H]2[C@H]3[C@H](COC3=O)[C@@H](O)c4cc5OCOc5cc24,0,1,1.0
COc1cc(ccc1Cc2cn(C)c3ccc(NC(=O)OC4CCCC4)cc23)C(=O)N[S](=O)(=O)c5ccccc5C,1,1,0.0
COc1cc(ccc1O)C2Oc3cc(ccc3OC2CO)C4Oc5cc(O)cc(O)c5C(=O)C4O,0,1,1.0
COc1cc(ccc1OCCCN2CCC(CC2)c3noc4cc(F)ccc34)C(C)=O,1,0,1.0
COc1cc2CC(CC3CCN(CC3)Cc4ccccc4)C(=O)c2cc1OC,1,0,1.0
COc1cc2CCN(CCCN(C)C[C@H]3Cc4cc(OC)c(OC)cc34)C(=O)Cc2cc1OC,1,0,1.0
COc1cc2CCN3CC(CC(C)C)C(=O)CC3c2cc1OC,1,0,1.0
COc1cc2CC[C@H](NC(C)=O)C3=CC(=O)C(=CC=C3c2c(OC)c1OC)O,1,1,1.0
COc1cc2C[C@H](N(Cc2cc1OC)C(=O)[C@H](C)N[C@@H](CCc3ccccc3)C(O)=O)C(O)=O,1,1,1.0
COc1cc2[nH]c(C)c(CCN3CCN(CC3)c4ccccc4)c2cc1OC,1,1,1.0
COc1cc2c(Nc3ccc(Br)cc3F)ncnc2cc1OCC4CCN(C)CC4,1,0,1.0
COc1cc2c(cc1OCCCN3CCCCC3)ncnc2N4CCN(CC4)C(=O)Nc5ccc(OC(C)C)cc5,1,1,1.0
COc1cc2n[nH]nc2cc1C(=O)NCC3CCCN3CC=C,1,1,1.0
COc1cc2nc(nc(N)c2cc1OC)N3CCN(CC3)C(=O)C4COc5ccccc5O4,1,0,1.0
COc1cc2ncnc(Nc3ccc(F)c(Cl)c3)c2cc1OCCCN4CCOCC4,1,0,1.0
COc1ccc(/C=C/C(=O)Nc2ccccc2C(O)=O)cc1OC,1,1,1.0
COc1ccc(CC(C)NCC(O)c2ccc(O)c(NC=O)c2)cc1,1,1,1.0
COc1ccc(CCN(C)CCCC(C#N)(C(C)C)c2cc(OC)c(OC)c(OC)c2)cc1OC,1,0,1.0
COc1ccc(CCN(C)CCCC(C#N)(C(C)C)c2ccc(OC)c(OC)c2)cc1OC,1,0,0.0
COc1ccc(CCN2CCC(CC2)Nc3nc4ccccc4n3Cc5ccc(F)cc5)cc1,1,0,1.0
COc1ccc(CN(CCN(C)C)c2ccccn2)cc1,1,0,1.0
COc1ccc(CN2CCN(CC2)C(c3ccc(F)cc3)c4ccc(F)cc4)c(OC)c1OC,1,0,1.0
COc1ccc(CN2CCNCC2)c(OC)c1OC,1,0,1.0
COc1ccc(CNc2nc(ncc2C(=O)NCc3ncccn3)N4CCC[C@H]4CO)cc1Cl,1,1,1.0
COc1ccc(C[C@@H](C)NC[C@H](O)c2ccc(O)c(NC=O)c2)cc1,1,1,1.0
COc1ccc(Cc2nccc3cc(OC)c(OC)cc23)cc1OC,1,0,1.0
COc1ccc(Cl)cc1C(=O)NCCc2ccc(cc2)[S](=O)(=O)NC(=O)NC3CCCCC3,1,1,1.0
COc1ccc(O)cc1,0,1,1.0
COc1ccc(OC)c(c1)C(O)C(C)N,1,1,1.0
COc1ccc(OC)c(c1)C(O)CNC(=O)CN,1,1,1.0
COc1ccc(c(O)c1)C(=O)c2ccccc2,0,1,1.0
COc1ccc(c(O)c1)C(=O)c2ccccc2O,0,1,1.0
COc1ccc(cc1)C(=O)CC(=O)c2ccc(cc2)C(C)(C)C,0,1,1.0
COc1ccc(cc1)C(=O)Nc2ccccc2CCC3CCCCN3C,1,1,1.0
COc1ccc(cc1)C(CN(C)C)C2(O)CCCCC2,1,1,1.0
COc1ccc(cc1)C(Cl)=C(c2ccc(OC)cc2)c3ccc(OC)cc3,0,0,1.0
COc1ccc(cc1)C(O)=O,0,1,1.0
COc1ccc(cc1)C2=CC(=S)SS2,0,0,1.0
COc1ccc(cc1)C2=COc3cc(O)ccc3C2=O,0,1,1.0
COc1ccc(cc1)C2C(=O)c3ccccc3C2=O,0,1,1.0
COc1ccc(cc1)[C@@H]2Sc3ccccc3N(CCN(C)C)C(=O)[C@@H]2OC(C)=O,1,0,1.0
COc1ccc(cc1)c2[nH]c3cc(ccc3n2)C4=NNC(=O)CC4C,1,1,1.0
COc1ccc(cc1)n2nc(C(N)=O)c3CCN(C(=O)c23)c4ccc(cc4)N5CCCCC5=O,1,1,1.0
COc1ccc(cc1C(=O)NCc2cccnc2)C(=O)NCc3cccnc3,1,1,1.0
COc1ccc(cc1C23CC4CC(CC(C4)C2)C3)c5ccc6cc(ccc6c5)C(O)=O,0,1,1.0
COc1ccc(cc1F)c2cc(nn2c3ccc(cc3)[S](N)(=O)=O)C(F)F,1,1,1.0
COc1ccc(cc1F)c2n(cnc2Cl)c3ccc(cc3)[S](N)(=O)=O,1,1,1.0
COc1ccc(cc1O)C2=CC(=O)c3c(O)cc(O)cc3O2,0,1,1.0
COc1ccc(cc1O)C2=CC(=O)c3c(O)cc(O[C@@H]4O[C@H](CO[C@@H]5O[C@@H](C)[C@H](O)[C@@H](O)[C@H]5O)[C@@H](O)[C@H](O)[C@H]4O)cc3O2,0,1,0.0
COc1ccc(cc1O)[C@@H]2CC(=O)c3c(O)cc(O)cc3O2,0,1,1.0
COc1ccc(cc1O)[C@@H]2CC(=O)c3c(O)cc(O[C@@H]4O[C@H](CO[C@@H]5O[C@@H](C)[C@H](O)[C@@H](O)[C@H]5O)[C@@H](O)[C@H](O)[C@H]4O)cc3O2,0,1,0.0
COc1ccc(cc1OC)C(=O)N2CCN(CC2)c3ccc4NC(=O)CCc4c3,1,1,1.0
COc1ccc(cc1OC)C(=O)NCc2ccc(OCCN(C)C)cc2,1,1,1.0
COc1ccc(cc1OC2CCCC2)C(=O)Nc3c(Cl)cncc3Cl,1,1,1.0
COc1ccc(cc1OC2CCCC2)C3(CCC(CC3)C(O)=O)C#N,0,1,1.0
COc1ccc2C(=O)C(=C(Oc2c1CN(C)C)c3ccccc3)C,1,0,1.0
COc1ccc2CN(C)CC[C@@]34C=C[C@H](O)C[C@@H]3Oc1c24,1,1,1.0
COc1ccc2C[C@@H]3[C@@H]4C=C[C@H](O)[C@@H]5Oc1c2[C@]45CCN3C,1,1,1.0
COc1ccc2C[C@@H]3[C@@H]4CCC(=O)[C@@H]5Oc1c2[C@]45CCN3C,1,0,1.0
COc1ccc2C[C@@H]3[C@@H]4CC[C@H](O)[C@@H]5Oc1c2[C@]45CCN3C,1,1,1.0
COc1ccc2C[C@H]3N(C)CC[C@@]45[C@@H](Oc1c24)C(=O)CC[C@@]35O,1,1,1.0
COc1ccc2C[C@H]3[C@H]4CCCC[C@@]4(CCN3C)c2c1,1,0,1.0
COc1ccc2NC(=S)[C@H](CSC)N(C(=O)OC(C)C)c2c1,1,1,1.0
COc1ccc2Sc3ccccc3N(C[C@H](C)CN(C)C)c2c1,1,0,1.0
COc1ccc2[C@H](OC(=O)c2c1OC)[C@@H]3N(C)CCc4cc5OCOc5c(OC)c34,1,0,1.0
COc1ccc2[C@H]3CC[C@@]4(C)[C@@H](CC[C@@]4(O)C#C)[C@@H]3CCc2c1,0,1,1.0
COc1ccc2[nH]cc(CCNC(C)=O)c2c1,1,1,1.0
COc1ccc2c([nH]c3c(C)nccc23)c1,1,1,1.0
COc1ccc2c(c1)C(=O)N(CCc3ccc(cc3)[S](=O)(=O)NC(=O)NC4CCCCC4)C(=O)C2(C)C,1,1,1.0
COc1ccc2c(cccc2c1C(F)(F)F)C(=S)N(C)CC(O)=O,1,1,1.0
COc1ccc2cc(CCC(C)=O)ccc2c1,0,0,1.0
COc1ccc2cc(ccc2c1)C(C)C(O)=O,0,1,1.0
COc1ccc2cccc(CCNC(C)=O)c2c1,1,1,1.0
COc1ccc2n(c(C)c(CC(=O)NO)c2c1)C(=O)c3ccc(Cl)cc3,0,1,1.0
COc1ccc2n(c(C)c(CC(=O)OCC(O)=O)c2c1)C(=O)c3ccc(Cl)cc3,0,1,1.0
COc1ccc2n(c(C)c(CC(O)=O)c2c1)C(=O)c3ccc(Cl)cc3,0,1,1.0
COc1ccc2nc([nH]c2c1)[S](=O)Cc3ncc(C)c(OC)c3C,1,1,1.0
COc1ccc2nccc([C@H](O)[C@H]3C[C@@H]4CCN3C[C@@H]4C=C)c2c1,1,1,1.0
COc1cccc(CCc2ccccc2OCC(CN(C)C)OC(=O)CCC(O)=O)c1,1,1,1.0
COc1cccc(c1)C(N)=O,1,1,1.0
COc1cccc2C(=O)c3c(O)c4C[C@](O)(C[C@H](O[C@H]5C[C@H](N)[C@@H](O)[C@H](C)O5)c4c(O)c3C(=O)c12)C(=O)CO,1,1,0.0
COc1cccc2C(=O)c3c(O)c4C[C@](O)(C[C@H](O[C@H]5C[C@H](N)[C@H](O)[C@H](C)O5)c4c(O)c3C(=O)c12)C(=O)CO,1,1,0.0
COc1cccc2C(=O)c3c(O)c4C[C@](O)(C[C@H](O[C@H]5C[C@H](N)[C@H](O)[C@H](C)O5)c4c(O)c3C(=O)c12)C(C)=O,1,1,0.0
COc1ccccc1N2CCN(CC2)CC(O)COc3cccc4ccccc34,1,1,1.0
COc1ccccc1N2CCN(CCCNC3=CC(=O)N(C)C(=O)N3C)CC2,1,0,1.0
COc1ccccc1O,0,1,1.0
COc1ccccc1OCC(O)CN2CCN(CC2)CC(=O)Nc3c(C)cccc3C,1,1,1.0
COc1ccccc1OCC(O)CO,0,1,1.0
COc1ccccc1OCC(O)COC(N)=O,1,1,1.0
COc1ccccc1OCCNCC(O)COc2cccc3[nH]c4ccccc4c23,1,1,1.0
COc1ccccc1Oc2c(N[S](=O)(=O)c3ccc(cc3)C(C)(C)C)nc(nc2OCCO)c4ncccn4,1,1,1.0
COc1ccnc(C[S](=O)c2[nH]c3cc(OC(F)F)ccc3n2)c1OC,1,1,1.0
COc1ccnc(C[S](=O)c2[nH]c3cc(ccc3n2)n4cccc4)c1C,1,1,1.0
COc1nc(C)nc(Cl)c1NC2=NCCN2,1,0,1.0
COc1nc(N)nc2n(cnc12)C3O[C@H](CO)[C@@H](O)[C@@H]3O,1,1,1.0
COc1nccnc1C(C)C,1,0,1.0
COc1nccnc1CC(C)C,1,0,1.0
COc1nccnc1N[S](=O)(=O)c2ccc(N)cc2,1,1,1.0
COc1ncnc(N[S](=O)(=O)c2ccc(N)cc2)c1OC,1,1,1.0
CSC(=O)c1c(CC(C)C)c(C(=O)SC)c(nc1C(F)F)C(F)(F)F,1,0,1.0
CSCCC(N)C(O)=O,1,1,1.0
CSCCC(NC(=O)C(Cc1c[nH]c2ccccc12)NC(=O)CCNC(=O)OCC(C)C)C(=O)NC(CC(O)=O)C(=O)NC(Cc3ccccc3)C(N)=O,1,1,0.0
CSCCNc1nc(SCCC(F)(F)F)nc2n(cnc12)[C@@H]3O[C@H](CO[P](O)(=O)O[P](O)(=O)C(Cl)(Cl)[P](O)(O)=O)[C@@H](O)[C@H]3O,1,1,0.0
CSCC[C@H](NC(=O)[C@H](Cc1c[nH]c2ccccc12)NC(=O)CNC(=O)[C@@H](NC(=O)[C@H](Cc3ccc(O[S](O)(=O)=O)cc3)NC(=O)[C@H](CC(O)=O)NC(=O)[C@H](CCC(N)=O)NC(=O)[C@@H]4CCC(=O)N4)[C@@H](C)O)C(=O)N[C@@H](CC(O)=O)C(=O)N[C@@H](Cc5ccccc5)C(N)=O,1,1,0.0
CSc1[nH]c2cc(Cl)c(Oc3cccc(Cl)c3Cl)cc2n1,1,1,1.0
CSc1ccc(cc1)C(=O)C2=C(C)NC(=O)N2,1,1,1.0
CSc1ccc2Sc3ccccc3N(CCC4CCCCN4C)c2c1,1,0,1.0
C[C@@H](CN1CC(=O)NC(=O)C1)N2CC(=O)NC(=O)C2,1,1,1.0
C[C@@H](N)[C@@H](O)c1ccccc1,1,1,1.0
C[C@@H](O)[C@@H]1[C@H]2[C@@H](C)C(=C(N2C1=O)C(O)=O)S[C@@H]3CN[C@@H](C3)C(=O)Nc4cccc(c4)C(O)=O,1,1,1.0
C[C@@H](O)[C@@H]1[C@H]2[C@@H](C)C(=C(N2C1=O)C(O)=O)S[C@@H]3CN[C@H](CN[S](N)(=O)=O)C3,1,1,1.0
C[C@@H](O[C@@H]1OCCN(CC2=NC(=O)NN2)[C@@H]1c3ccc(F)cc3)c4cc(cc(c4)C(F)(F)F)C(F)(F)F,1,1,0.0
C[C@@H](c1ncncc1F)[C@](O)(Cn2cncn2)c3ccc(F)cc3F,1,1,1.0
C[C@@H]1CC(=O)NN=C1c2ccc(NN=C(C#N)C#N)cc2,1,1,1.0
C[C@@H]1CC2=C(CCC(=O)C2)[C@H]3CC[C@@]4(C)[C@@H](CC[C@@]4(O)C#C)[C@H]13,0,1,1.0
C[C@@H]1CC2C3C[C@H](F)C4=CC(=O)C=CC4(C)[C@@]3(Cl)C(O)CC2(C)C1C(=O)CO,0,1,1.0
C[C@@H]1CCC[C@H](C)N1NC(=O)c2ccc(Cl)c(c2)[S](N)(=O)=O,1,1,1.0
C[C@@H]1CC[C@@]2(OC1)O[C@H]3C[C@H]4[C@@H]5CC[C@@H]6C[C@@H](O)CC[C@]6(C)[C@H]5CC[C@]4(C)[C@H]3[C@@H]2C,0,1,1.0
C[C@@H]1CC[C@H]2[C@@H](C)C(=O)O[C@@H]3O[C@@]4(C)CC[C@@H]1[C@@]23OO4,0,0,1.0
C[C@@H]1CC[C@H]2[C@@H](C)[C@H](O[C@@H]3OC4(C)CC[C@@H]1[C@@]23OO4)OC(=O)CCC(O)=O,0,1,1.0
C[C@@H]1C[C@@]2(C)[C@@H](CC[C@H]3[C@@H]4CC[C@H](O)[C@@]4(C)CC[C@H]23)CC1=O,0,1,1.0
C[C@@H]1C[C@H]2[C@@H]3C=C(C)C4=Cc5n(ncc5C[C@]4(C)[C@H]3[C@@H](O)C[C@]2(C)[C@@]1(O)C(=O)COC(C)=O)c6ccccc6,1,1,1.0
C[C@@H]1C[C@H]2[C@@H]3CCC4=CC(=O)C=C[C@]4(C)C3=CC[C@]2(C)[C@H]1C(=O)CN5CCN(CC5)c6cc(nc(n6)N7CCCC7)N8CCCC8,1,0,0.0
C[C@@H]1C[C@H]2[C@@H]3CCC4=CC(=O)C=C[C@]4(C)[C@@]3(Cl)[C@@H](O)C[C@]2(C)[C@@]1(O)C(=O)CCl,0,1,1.0
C[C@@H]1C[C@H]2[C@@H]3CCC4=CC(=O)C=C[C@]4(C)[C@@]3(Cl)[C@@H](O)C[C@]2(C)[C@@]1(OC(=O)c5occc5)C(=O)CCl,0,1,0.0
C[C@@H]1C[C@H]2[C@@H]3CCC4=CC(=O)C=C[C@]4(C)[C@@]3(F)[C@@H](O)C[C@]2(C)[C@@]1(O)C(=O)CO,0,1,1.0
C[C@@H]1C[C@H]2[C@@H]3CCC4=CC(=O)C=C[C@]4(C)[C@@]3(F)[C@@H](O)C[C@]2(C)[C@@]1(O)C(=O)COC(C)=O,0,1,1.0
C[C@@H]1C[C@H]2[C@@H]3C[C@H](F)C4=CC(=O)C=C[C@]4(C)[C@@]3(F)[C@@H](O)C[C@]2(C)[C@@]1(O)C(=O)CO,0,1,1.0
C[C@@H]1C[C@H]2[C@@H]3C[C@H](F)C4=CC(=O)C=C[C@]4(C)[C@@]3(F)[C@@H](O)C[C@]2(C)[C@@]1(OC(=O)c5occc5)C(=O)SCF,0,1,1.0
C[C@@H]1C[C@H]2[C@@H]3C[C@H](F)C4=CC(=O)C=C[C@]4(C)[C@H]3[C@@H](O)C[C@]2(C)[C@@]1(O)C(=O)CO,0,1,1.0
C[C@@H]1C[C@H]2[C@@H]3C[C@H](F)C4=CC(=O)C=C[C@]4(C)[C@H]3[C@@H](O)C[C@]2(C)[C@@]1(O)C(=O)COC(C)=O,0,1,1.0
C[C@@H]1C[C@H]2[C@@H]3C[C@H](F)C4=CC(=O)C=C[C@]4(C)[C@H]3[C@@H](O)C[C@]2(C)[C@H]1C(=O)CO,0,1,1.0
C[C@@H]1OC(OC[C@H]2OC(OC3=C(Oc4cc(OCCO)cc(O)c4C3=O)c5ccc(O)c(O)c5)[C@H](O)[C@@H](O)[C@@H]2O)[C@H](O)[C@H](O)[C@H]1O,0,1,0.0
C[C@@H]1O[C@@H](OC[C@H]2O[C@@H](OC3=C(Oc4cc(O)cc(O)c4C3=O)c5ccc(O)c(O)c5)[C@H](O)[C@@H](O)[C@@H]2O)[C@H](O)[C@H](O)[C@H]1O,0,1,0.0
C[C@@H]1O[C@@H]1[P](O)(O)=O,0,1,1.0
C[C@@](Cc1ccc(O)c(O)c1)(NN)C(O)=O,1,1,1.0
C[C@H](C#Cc1sc(Cc2ccc(F)cc2)cc1)N(O)C(N)=O,1,1,1.0
C[C@H](C(O)=O)c1ccc2oc(nc2c1)c3ccc(F)cc3,1,1,1.0
C[C@H](C(O)=O)c1cccc(c1)C(=O)c2ccccc2,0,1,1.0
C[C@H](CCC(=O)NCC(O)=O)[C@H]1CC[C@H]2[C@@H]3[C@H](O)C[C@@H]4C[C@H](O)CC[C@]4(C)[C@H]3CC[C@]12C,1,1,1.0
C[C@H](CCC(O)=O)[C@H]1CC[C@H]2[C@@H]3[C@@H](O)C[C@@H]4C[C@H](O)CC[C@]4(C)[C@H]3CC[C@]12C,0,1,1.0
C[C@H](CCC(O)=O)[C@H]1CC[C@H]2[C@@H]3[C@H](O)C[C@@H]4C[C@H](O)CC[C@]4(C)[C@H]3CC[C@]12C,0,1,1.0
C[C@H](CCC(O)=O)[C@H]1CC[C@H]2[C@@H]3[C@H](O)C[C@@H]4C[C@H](O)CC[C@]4(C)[C@H]3C[C@H](O)[C@]12C,0,1,1.0
C[C@H](CCC(O)=O)[C@H]1CC[C@H]2[C@H]3[C@H](CC(=O)[C@]12C)[C@@]4(C)CCC(=O)C[C@H]4CC3=O,0,1,1.0
C[C@H](CS)C(=O)N1CCC[C@H]1C(O)=O,1,1,1.0
C[C@H](CS)C(=O)N1C[C@H](C[C@H]1C(O)=O)Sc2ccccc2,1,1,1.0
C[C@H](CSC(=O)c1ccccc1)C(=O)N2C[C@H](C[C@H]2C(O)=O)Sc3ccccc3,1,1,1.0
C[C@H](Cc1cc2CCN(CCCO)c2c(c1)C(N)=O)NCCOc3ccccc3OCC(F)(F)F,1,1,1.0
C[C@H](Cn1cnc2c(N)ncnc12)OC[P](O)(O)=O,1,1,1.0
C[C@H](N)Cc1ccccc1,1,0,1.0
C[C@H](N)[C@H](O)c1ccc(O)c(O)c1,1,1,1.0
C[C@H](N)[C@H](O)c1cccc(O)c1,1,1,1.0
C[C@H](O)[C@H](O)[C@H]1CNC2=C(N1)C(=O)N=C(N)N2,1,1,1.0
C[C@H](c1[nH]cnc1)c2cccc(C)c2C,1,1,1.0
C[C@H]1CC(=O)C[C@@H]2CC[C@H]3[C@@H]4CC[C@H](O)[C@@]4(C)CC[C@@H]3[C@@]12C,0,1,1.0
C[C@H]1CCC[C@@]2(C)O[C@H]2C[C@H](NC(=O)C[C@H](O)C(C)(C)C(=O)[C@H](C)[C@H]1O)/C(C)=C/c3csc(C)n3,1,1,1.0
C[C@H]1CN(C[C@@H](C)N1)c2c(F)c(N)c3C(=O)C(=CN(C4CC4)c3c2F)C(O)=O,1,1,1.0
C[C@H]1CN2C(=S)Nc3ccc(Cl)c(CN1CC=C(C)C)c23,1,1,1.0
C[C@H]1C[C@@H]2[C@H](CC[C@@]3(C)[C@H]2CC[C@]3(OC(C)=O)C(C)=O)[C@@]4(C)CCC(=O)C=C14,0,0,1.0
C[C@H]1C[C@H]2[C@@H]3CCC4=CC(=O)C=C[C@]4(C)[C@@]3(F)C(=O)C[C@]2(C)[C@@]1(O)C(=O)CCl,0,1,1.0
C[C@H]1C[C@H]2[C@@H]3CCC4=CC(=O)C=C[C@]4(C)[C@@]3(F)[C@@H](O)C[C@]2(C)[C@@]1(O)C(=O)CO,0,1,1.0
C[C@H]1C[C@H]2[C@@H]3CCC4=CC(=O)C=C[C@]4(C)[C@H]3C(=O)C[C@]2(C)[C@@]1(O)C(=O)CO,0,1,1.0
C[C@H]1C[C@H]2[C@@H]3CC[C@H](C(C)=O)[C@@]3(C)C[C@H](O)[C@@H]2[C@@]4(C)CCC(=O)C=C14,0,1,1.0
C[C@H]1C[C@H]2[C@@H]3CC[C@](O)(C(=O)CO)[C@@]3(C)C[C@H](O)[C@@H]2[C@@]4(C)C=CC(=O)C=C14,0,1,1.0
C[C@H]1C[C@H]2[C@@H]3CC[C@](O)(C(C)=O)[C@@]3(C)C[C@H](O)[C@]2(F)[C@@]4(C)C=CC(=O)C=C14,0,1,1.0
C[C@H]1C[C@H]2[C@@H]3C[C@H](F)C4=CC(=O)C=C[C@]4(C)[C@@]3(F)[C@@H](O)C[C@]2(C)[C@@]1(O)C(=O)CO,0,1,1.0
C[C@H]1O[C@H](C[C@H](O)[C@@H]1O)O[C@H]2[C@@H](O)C[C@@H](O[C@@H]2C)O[C@H]3[C@@H](O)C[C@@H](O[C@@H]3C)O[C@H]4CC[C@@]5(C)[C@H](CC[C@@H]6[C@@H]5C[C@@H](O)[C@]7(C)[C@H](CC[C@]67O)C8=CC(=O)OC8)C4,0,1,0.0
C[C@H]1O[C@H](C[C@H](O)[C@@H]1O[C@H]2C[C@H](O)[C@H](O[C@H]3C[C@H](O)[C@H](O[C@@H]4O[C@H](CO)[C@@H](O)[C@H](O)[C@H]4O)[C@@H](C)O3)[C@@H](C)O2)O[C@H]5CC[C@@]6(C)[C@H](CC[C@@H]7[C@@H]6C[C@@H](O)[C@]8(C)[C@H](CC[C@]78O)C9=CC(=O)OC9)C5,0,1,0.0
C[C@H]1O[C@H]([C@H](O)[C@@H]1O)N2C=C(F)C(=O)NC2=O,0,1,1.0
C[C@H]1[C@@H](OCCN1C)c2ccccc2,1,0,1.0
C[C@](N)(Cc1ccc(O)cc1)C(O)=O,1,1,1.0
C[C@]1(Cn2ccnn2)[C@@H](N3[C@@H](CC3=O)[S]1(=O)=O)C(O)=O,1,1,1.0
C[C@]1(O)CC[C@H]2[C@@H]3CCC4=CC(=O)C(=C[C@]4(C)[C@H]3[C@H](O)C[C@]12C)C=O,0,1,1.0
C[C@]1(O)CC[C@H]2[C@@H]3CCC4=CC(=O)CC[C@]4(C)[C@@]3(F)[C@@H](O)C[C@]12C,0,1,1.0
C[C@]1(O)CC[C@H]2[C@@H]3CCC4=CC(=O)CC[C@]4(C)[C@H]3CC[C@]12C,0,1,1.0
C[C@]1(O)CC[C@H]2[C@@H]3CC[C@H]4CC(=O)OC[C@]4(C)[C@H]3CC[C@]12C,0,1,1.0
C[C@]1(O)CC[C@H]2[C@@H]3CC[C@H]4Cc5[nH]ncc5C[C@]4(C)[C@H]3CC[C@]12C,1,1,1.0
C[C@]12C=CC(=O)C=C1C(=C[C@H]3[C@@H]4CC[C@](O)(C(=O)CO)[C@@]4(C)C[C@H](O)[C@H]23)Cl,0,1,1.0
C[C@]12C=CC(=O)C=C1[C@@H](F)C[C@H]3[C@@H]4CC[C@](O)(C(=O)CO)[C@@]4(C)C[C@H](O)[C@H]23,0,1,1.0
C[C@]12C=CC3=C4CCC(=O)C=C4CC[C@H]3[C@@H]1CC[C@@H]2O,0,1,1.0
C[C@]12CC(=O)[C@H]3[C@@H](CCC4=CC(=O)C=C[C@]34C)[C@@H]1CC[C@]2(O)C(=O)CO,0,1,1.0
C[C@]12CC(O)[C@@]3(F)[C@@H](CCC4=CC(=O)C=C[C@]34C)[C@@H]1CC(=C)[C@]2(O)C(=O)CO,0,1,1.0
C[C@]12CCC(=O)C=C1CC[C@H]3[C@@H]4CC[C@H](C(=O)CO)[C@]4(C[C@H](O)[C@H]23)C=O,0,1,1.0
C[C@]12CCC(=O)C=C1CC[C@H]3[C@@H]4CC[C@](O)(C(=O)CO)[C@@]4(C)CC(=O)[C@H]23,0,1,1.0
C[C@]12CCC(=O)C=C1CC[C@H]3[C@@H]4CC[C@](O)(C(=O)CO)[C@@]4(C)C[C@H](O)[C@H]23,0,1,1.0
C[C@]12CCC(=O)C=C1CC[C@H]3[C@@H]4CC[C@](O)(C(=O)COC(=O)CCC(O)=O)[C@@]4(C)C[C@H](O)[C@H]23,0,1,1.0
C[C@]12CCC(=O)C=C1CC[C@H]3[C@@H]4CC[C@](O)(C(=O)COC(=O)CCC5CCCC5)[C@@]4(C)C[C@H](O)[C@H]23,0,1,1.0
C[C@]12CCC(=O)C=C1[C@@H]3C[C@@H]3[C@@H]4[C@@H]2CC[C@@]5(C)[C@H]4[C@@H]6C[C@@H]6[C@@]57CCC(=O)O7,0,0,1.0
C[C@]12CCC3=C4CCC(=O)C=C4CC[C@H]3[C@@H]1CC[C@@]2(O)CC#N,0,1,1.0
C[C@]12CC[C@H](O)CC1=CC[C@@H]3[C@@H]2CC[C@@]4(C)[C@H]3CC=C4c5cccnc5,1,1,1.0
C[C@]12CC[C@H](O)C[C@H]1CC[C@@H]3[C@@H]2CC[C@]4(C)[C@H](CC[C@]34O)C5=CC(=O)OC5,0,1,1.0
C[C@]12CC[C@H]3C(=CCc4cc(O)ccc34)[C@@H]1CCC2=O,0,1,1.0
C[C@]12CC[C@H]3[C@@H](CC(=C)C4=CC(=O)C=C[C@]34C)[C@@H]1CCC2=O,0,0,1.0
C[C@]12CC[C@H]3[C@@H](CC=C4CC(=O)CC[C@]34C)[C@@H]1CCC2=O,0,0,1.0
C[C@]12CC[C@H]3[C@@H](CC=C4C[C@@H](O)CC[C@]34C)[C@@H]1CCC2=O,0,1,1.0
C[C@]12CC[C@H]3[C@@H](CCC4=C(O)C(=O)CC[C@]34C)[C@@H]1CCC2=O,0,1,1.0
C[C@]12CC[C@H]3[C@@H](CCC4=C3CCC(=O)C4)[C@@H]1CC[C@@]2(O)C#C,0,1,1.0
C[C@]12CC[C@H]3[C@@H](CCC4=CC(=O)C=C[C@]34C)[C@@H]1CCC(=O)O2,0,0,1.0
C[C@]12CC[C@H]3[C@@H](CCC4=CC(=O)C=C[C@]34C)[C@@H]1CC[C@@H]2O,0,1,1.0
C[C@]12CC[C@H]3[C@@H](CCC4=CC(=O)CC[C@H]34)[C@@H]1CC[C@@H]2O,0,1,1.0
C[C@]12CC[C@H]3[C@@H](CCC4=CC(=O)CC[C@H]34)[C@@H]1CC[C@@H]2OC(=O)CCc5ccccc5,0,0,1.0
C[C@]12CC[C@H]3[C@@H](CCC4=CC(=O)CC[C@H]34)[C@@H]1CC[C@@]2(O)C#C,0,1,1.0
C[C@]12CC[C@H]3[C@@H](CCC4=CC(=O)CC[C@]34C)[C@@H]1CCC2=O,0,0,1.0
C[C@]12CC[C@H]3[C@@H](CCC4=CC(=O)CC[C@]34C)[C@@H]1CC[C@@H]2O,0,1,1.0
C[C@]12CC[C@H]3[C@@H](CCC4=CC(=O)CC[C@]34C)[C@@H]1CC[C@@H]2OC(=O)CCC5CCCC5,0,0,1.0
C[C@]12CC[C@H]3[C@@H](CCC4=CCCC[C@H]34)[C@@H]1CC[C@@]2(O)C#C,0,1,1.0
C[C@]12CC[C@H]3[C@@H](CCC4=C[C@@H](O)CC[C@H]34)[C@@H]1CC[C@@]2(O)C#C,0,1,1.0
C[C@]12CC[C@H]3[C@@H](CC[C@@]45O[C@@H]4C(=C(C[C@]35C)C#N)O)[C@@H]1CC[C@@H]2O,0,1,1.0
C[C@]12CC[C@H]3[C@@H](CC[C@H]4CC(=O)CC[C@]34C)[C@@H]1CC[C@@H]2O,0,1,1.0
C[C@]12CC[C@H]3[C@@H](CCc4cc(O)ccc34)[C@@H]1CCC2=O,0,1,1.0
C[C@]12CC[C@H]3[C@@H](CCc4cc(O)ccc34)[C@@H]1CC[C@@H]2O,0,1,1.0
C[C@]12CC[C@H]3[C@@H](CCc4cc(O)ccc34)[C@@H]1CC[C@@H]2OC(=O)CCC5CCCC5,0,1,1.0
C[C@]12CC[C@H]3[C@@H](CCc4cc(O)ccc34)[C@@H]1C[C@@H](O)[C@@H]2O,0,1,1.0
C[C@]12CC[C@H]3[C@@H](CCc4cc(OC(=O)N(CCCl)CCCl)ccc34)[C@@H]1CC[C@@H]2O,1,1,1.0
C[C@]12CC[C@H]3[C@@H](CCc4cc(OC(=O)c5ccccc5)ccc34)[C@@H]1CC[C@@H]2O,0,1,1.0
C[C@]12CC[C@H]3[C@@H](CCc4cc(OC5CCCC5)ccc34)[C@@H]1CC[C@@]2(O)C#C,0,1,1.0
C[C@]12C[C@H](O)[C@@]3(F)[C@@H](CCC4=CC(=O)C=C[C@]34C)[C@@H]1C[C@@H](O)[C@]2(O)C(=O)CO,0,1,1.0
C[C@]12C[C@H](O)[C@@]3(F)[C@@H](CCC4=CC(=O)CC[C@]34C)[C@@H]1CC[C@]2(O)C(=O)CO,0,1,1.0
C[C@]12C[C@H](O)[C@@]3(F)[C@@H](C[C@H](F)C4=CC(=O)C=C[C@]34C)[C@@H]1C[C@@H](O)[C@]2(O)C(=O)CO,0,1,1.0
C[C@]12C[C@H](O)[C@H]3[C@@H](CCC4=CC(=O)C=C[C@]34C)[C@@H]1CC[C@]2(O)C(=O)CO,0,1,1.0
C[C@]12C[C@H](O)[C@H]3[C@@H](CCC4=CC(=O)C=C[C@]34C)[C@@H]1CC[C@]2(O)C(=O)COC(=O)CCCc5ccc(cc5)N(CCCl)CCCl,1,1,0.0
C[C@]12Cc3cnoc3C=C1CC[C@@H]4[C@@H]2CC[C@@]5(C)[C@H]4CC[C@@]5(O)C#C,1,1,1.0
C[C@]12O[C@H](C[C@]1(O)CO)n3c4ccccc4c5c3c6n2c7ccccc7c6c8CNC(=O)c58,1,1,1.0
C[N+](C)([O-])CCC=C1c2ccccc2CCc3ccccc13,1,0,1.0
C[S](=O)(=O)CCC(N)C(O)=O,1,1,1.0
C[S](=O)(=O)CCNCc1oc(cc1)c2ccc3ncnc(Nc4ccc(OCc5cccc(F)c5)c(Cl)c4)c3c2,1,0,0.0
C[S](=O)(=O)Nc1cc2OC=C(NC=O)C(=O)c2cc1Oc3ccccc3,1,1,1.0
C[S](=O)(=O)Nc1ccc(cc1Oc2ccccc2)[N+]([O-])=O,1,1,1.0
C[S](=O)(=O)OCCCCO[S](C)(=O)=O,0,0,1.0
C[S](=O)(=O)c1cc(ccc1C(=O)c2cnoc2C3CC3)C(F)(F)F,1,0,1.0
C[S](=O)(=O)c1ccc(cc1)C2=C(C(=O)OC2)c3ccccc3,0,0,1.0
C[S](=O)(=O)c1ccc(cc1)[C@@H](O)[C@@H](CO)NC(=O)C(Cl)Cl,1,1,1.0
C[S](=O)(=O)c1ccc2Sc3ccccc3N(CCCN4CCC(CC4)C(N)=O)c2c1,1,1,1.0
C[S](C)(=O)=O,0,0,1.0
C[S](C)=O,0,0,1.0
C[Se]CC[C@H](N)C(O)=O,1,1,1.0
Cc1[nH]c2CCN(C(=O)c3ccc(NC(=O)c4ccccc4c5ccccc5)cc3)c6ccccc6c2n1,1,1,1.0
Cc1[nH]c2cccc(OCC(CNC(C)(C)C)OC(=O)c3ccccc3)c2c1,1,1,1.0
Cc1c(C)c2OC(C)(CCc2c(C)c1O)COc3ccc(CC4SC(=O)NC4=O)cc3,1,1,1.0
Cc1c(C[S](=O)c2[nH]c3ccccc3n2)nccc1OCC(F)(F)F,1,1,1.0
Cc1c(Cl)cccc1Nc2ncccc2C(O)=O,1,1,1.0
Cc1c(Nc2ncccc2C(O)=O)cccc1C(F)(F)F,1,1,1.0
Cc1c(O)cccc1C(=O)N[C@@H](CSc2ccccc2)[C@H](O)CN3C[C@H]4CCCC[C@H]4C[C@H]3C(=O)NC(C)(C)C,1,1,1.0
Cc1c(nn(c2ccc(Cl)cc2Cl)c1c3ccc(Cl)cc3)C(=O)NN4CCCCC4,1,1,1.0
Cc1c2cc(O)ccc2n(Cc3ccc(OCCN4CCCCCC4)cc3)c1c5ccc(O)cc5,1,1,1.0
Cc1c[nH]nc1,1,1,1.0
Cc1cc(C)c(Nc2ccnc(Nc3ccc(cc3)C#N)n2)c(C)c1,1,0,1.0
Cc1cc(C)cc(OCC2CNC(=O)O2)c1,1,1,1.0
Cc1cc(C)nc(N[S](=O)(=O)c2ccc(N)cc2)n1,1,1,1.0
Cc1cc(CCCOc2c(C)cc(cc2C)c3noc(n3)C(F)(F)F)on1,1,0,1.0
Cc1cc(N[S](=O)(=O)c2ccc(N)cc2)nc(C)n1,1,1,1.0
Cc1cc(O)c2C(=O)c3c(O)cc(O)cc3C(=O)c2c1,0,1,1.0
Cc1cc(c(O)c(C)c1CC2=NCCN2)C(C)(C)C,1,1,1.0
Cc1cc(cc(C)c1Oc2nc(Nc3ccc(cc3)C#N)nc(N)c2Br)C#N,1,0,1.0
Cc1cc2CCC[S](=O)(=O)c2cc1[S](N)(=O)=O,1,1,1.0
Cc1cc2N=C3C(=O)NC(=O)N=C3N(CC(O)C(O)C(O)CO)c2cc1C,1,1,1.0
Cc1cc2c(cc1C(=C)c3ccc(cc3)C(O)=O)C(C)(C)CCC2(C)C,0,1,1.0
Cc1ccc(C)c(OCCCC(C)(C)C(O)=O)c1,0,1,1.0
Cc1ccc(Cl)c(Nc2ccccc2C(O)=O)c1Cl,1,1,1.0
Cc1ccc(Cl)c(OCC(O)CNC(C)(C)C)c1,1,1,1.0
Cc1ccc(F)cc1C(=O)Nc2ccc(c(Cl)c2)C(=O)N3Cc4cccn4Cc5ccccc35,1,1,1.0
Cc1ccc(Nc2c(F)cccc2Cl)c(CC(O)=O)c1,1,1,1.0
Cc1ccc(O)c(c1)[N+]([O-])=O,0,1,1.0
Cc1ccc(O)cc1C,0,1,1.0
Cc1ccc(Oc2ccccc2c3csc(NC4=NCCCN4)n3)c(C)c1,1,0,1.0
Cc1ccc(cc1)C(=O)c2cc(O)c(O)c(c2)[N+]([O-])=O,0,1,1.0
Cc1ccc(cc1)[S](=O)(=O)NC(=O)NC2C(O)C3(C)CCC2C3(C)C,1,1,1.0
Cc1ccc(cc1)[S](=O)(=O)NC(=O)NN2CC3CCCC3C2,1,1,1.0
Cc1ccc(cc1)[S](=O)(=O)NC(=O)NN2CCCCCC2,1,1,1.0
Cc1ccc(cc1)[S](O)(=O)=O,0,1,1.0
Cc1ccc(cc1)c2cc(nn2c3ccc(cc3)[S](N)(=O)=O)C(F)(F)F,1,1,1.0
Cc1ccc(cc1N)[S](=O)(=O)NC(=O)NC2CCCCC2,1,1,1.0
Cc1ccc(cc1NC(=O)c2cccc(NC(=O)Nc3cccc(c3)C(=O)Nc4cc(ccc4C)C(=O)Nc5ccc(c6cc(cc(c56)[S](O)(=O)=O)[S](O)(=O)=O)[S](O)(=O)=O)c2)C(=O)Nc7ccc(c8cc(cc(c78)[S](O)(=O)=O)[S](O)(=O)=O)[S](O)(=O)=O,1,1,0.0
Cc1ccc(cn1)c2ncc(Cl)cc2c3ccc(cc3)[S](C)(=O)=O,1,0,1.0
Cc1ccc2c(Cl)cc(Cl)c(O)c2n1,1,1,1.0
Cc1cccc(C)c1NC(=O)CC23CCCN2CCC3,1,1,1.0
Cc1cccc(C)c1NC(=O)CN2CCN(CCCC(c3ccc(F)cc3)c4ccc(F)cc4)CC2,1,1,1.0
Cc1cccc(C)c1NC(=O)c2cc(c(Cl)cc2O)[S](N)(=O)=O,1,1,1.0
Cc1cccc(C)c1NC2=NCCCS2,1,0,1.0
Cc1cccc(CN2CCN(CC2)C(c3ccccc3)c4ccc(Cl)cc4)c1,1,0,1.0
Cc1cccc(Nc2ccccc2C(O)=O)c1C,1,1,1.0
Cc1cccc(O)c1O,0,1,1.0
Cc1cccc(c1)N2CC(CO)OC2=O,1,1,1.0
Cc1ccccc1,0,0,1.0
Cc1ccccc1C(=O)Nc2ccc(c(C)c2)C(=O)N3CCC[C@@H](O)c4cc(Cl)ccc34,1,1,1.0
Cc1ccccc1CN2CCN(CCOC(c3ccccc3)c4ccccc4Cl)CC2,1,0,1.0
Cc1ccccc1N2C(=Nc3ccccc3C2=O)C,1,0,1.0
Cc1ccnc(N[S](=O)(=O)c2ccc(N)cc2)n1,1,1,1.0
Cc1ccnc2N(C3CC3)c4ncccc4C(=O)Nc12,1,1,1.0
Cc1ccsc1C(=CCCN2CCC[C@H](C2)C(O)=O)c3sccc3C,1,1,1.0
Cc1cnc(cn1)C(=O)NCCc2ccc(cc2)[S](=O)(=O)NC(=O)NC3CCCCC3,1,1,1.0
Cc1cncc(CN2CCC(CC2)=C3c4ccc(Cl)cc4CCc5cccnc35)c1,1,0,1.0
Cc1nc(C)c2CCC(=O)N(Cc3ccc(cc3)c4ccccc4c5n[nH]nn5)c2n1,1,1,1.0
Cc1nc(Nc2sc(cn2)C(=O)Nc3c(C)cccc3Cl)cc(n1)N4CCN(CCO)CC4,1,1,1.0
Cc1ncc(CN(C=O)C(/C)=C(/CCO[P](O)(O)=O)SC(=O)c2ccccc2)c(N)n1,1,1,1.0
Cc1ncc(CNC(=O)N(CCCl)N=O)c(N)n1,1,1,1.0
Cc1ncc(CO)c(C=O)c1O,0,1,1.0
Cc1ncc(CO)c(CN)c1O,1,1,1.0
Cc1ncc(CO)c(CO)c1O,1,1,1.0
Cc1ncc(n1CC(O)CCl)[N+]([O-])=O,1,1,1.0
Cc1ncc(n1CCO)[N+]([O-])=O,1,1,1.0
Cc1ncc2CN=C(c3ccccc3F)c4cc(Cl)ccc4n12,1,0,1.0
Cc1nccn1CCC(C(N)=O)(c2ccccc2)c3ccccc3,1,1,1.0
Cc1ncsc1CCCl,1,0,1.0
Cc1nnc2CN=C(c3ccccc3)c4cc(Cl)ccc4n12,1,0,1.0
Cc1nnc2CN=C(c3ccccc3Cl)c4cc(Br)sc4n12,1,0,1.0
Cc1nnc2CN=C(c3ccccc3Cl)c4cc(Cl)ccc4n12,1,0,1.0
Cc1noc(N[S](=O)(=O)c2ccc(N)cc2)c1C,1,1,1.0
Cc1oc(N[S](=O)(=O)c2ccc(N)cc2)nc1C,1,1,1.0
Cc1oc2c(C)c3OC(=O)C=C(C)c3cc2c1,0,0,1.0
Cc1onc(N[S](=O)(=O)c2ccc(N)cc2)c1,1,1,1.0
Cc1onc(c1)C(=O)NCCc2ccc(cc2)[S](=O)(=O)NC(=O)NN3CCCCCC3,1,1,1.0
Cc1onc(c1)C(=O)NNCc2ccccc2,1,1,1.0
Cc1onc(c1C(=O)N[C@H]2[C@H]3SC(C)(C)[C@@H](N3C2=O)C(O)=O)c4c(F)cccc4Cl,1,1,1.0
Cc1onc(c2ccccc2)c1C(=O)N[C@H]3[C@H]4SC(C)(C)[C@@H](N4C3=O)C(O)=O,1,1,1.0
Cc1onc(c2ccccc2)c1c3ccc(cc3)[S](N)(=O)=O,1,1,1.0
Cc1onc(c2ccccc2Cl)c1C(=O)N[C@H]3[C@H]4SC(C)(C)[C@@H](N4C3=O)C(O)=O,1,1,1.0
Cc1oncc1C(=O)Nc2ccc(cc2)C(F)(F)F,1,1,1.0
Cc1sc(N[S](=O)(=O)c2ccc(N)cc2)nn1,1,1,1.0
ClC(Cl)(Cl)C=O,0,0,1.0
ClC(Cl)C(=O)N1CCCc2cc(OC(=O)c3occc3)ccc12,1,0,1.0
ClC(Cl)C(c1ccc(Cl)cc1)c2ccccc2Cl,0,0,1.0
ClC1C(Cl)C(Cl)C(Cl)C(Cl)C1Cl,0,0,1.0
ClC=C(Cl)Cl,0,0,1.0
ClCCCl,0,0,1.0
ClCCN(CCCl)C1=CNC(=O)NC1=O,1,1,1.0
ClCCN(CCCl)[P]1(=O)NCCCO1,1,0,1.0
ClCCN(N=O)C(=O)NC1CCCCC1,1,1,1.0
ClCCNC(=O)N(CCCl)N=O,1,1,1.0
ClCCN[P]1(=O)OCCCN1CCCl,1,0,1.0
Clc1cc(Cl)c(OCC#CI)cc1Cl,0,0,1.0
Clc1cc(Cl)cc(Cl)c1,0,0,1.0
Clc1ccc(C(Cn2ccnc2)OCc3c(Cl)cccc3Cl)c(Cl)c1,1,0,1.0
Clc1ccc(C(Cn2ccnc2)OCc3ccsc3Cl)c(Cl)c1,1,0,1.0
Clc1ccc(CCC(Cn2ccnc2)Sc3c(Cl)cccc3Cl)cc1,1,0,1.0
Clc1ccc(COC(Cn2ccnc2)c3ccc(Cl)cc3Cl)c(Cl)c1,1,0,1.0
Clc1ccc(COC(Cn2ccnc2)c3ccc(Cl)cc3Cl)cc1,1,0,1.0
Clc1ccc(NC(=O)Nc2ccc(Cl)c(Cl)c2)cc1,1,1,1.0
Clc1ccc(Nc2nnc(Cc3ccncc3)c4ccccc24)cc1,1,0,1.0
Clc1ccc(OCC(=O)N2CCN(CC2)Cc3ccc4OCOc4c3)cc1,1,0,1.0
Clc1ccc([C@@H]2CSC(/S2)=C(/C#N)n3ccnc3)c(Cl)c1,1,0,1.0
Clc1ccc(cc1)C(=O)NCCN2CCOCC2,1,1,1.0
Clc1ccc(cc1)c2ccccc2NC(=O)c3cccnc3Cl,1,1,1.0
Clc1ccc2CCc3ccccc3N(CCCN4CCC5(CC4)N6CCCCC6NC5=O)c2c1,1,1,1.0
Clc1ccc2N(C3CCN(CCCN4C(=O)Nc5ccccc45)CC3)C(=O)Nc2c1,1,1,1.0
Clc1ccc2N(CC3CC3)C(=O)CN=C(c4ccccc4)c2c1,1,0,1.0
Clc1ccc2NC(=O)CN3CCOC3(c4ccccc4Cl)c2c1,1,1,1.0
Clc1ccc2NC(=O)CN=C(c3ccccc3)c2c1,1,1,1.0
Clc1ccc2NC(=O)CN=C(c3ccccc3Cl)c2c1,1,1,1.0
Clc1ccc2NC3=NC(=O)CN3Cc2c1Cl,1,1,1.0
Clc1ccc2OC(=O)Nc2c1,1,1,1.0
Clc1ccc2Oc3ccccc3N=C(N4CCNCC4)c2c1,1,0,1.0
Clc1ccc2c(CCc3cccnc3C2=C4CCNCC4)c1,1,0,1.0
Clc1ccc2c(c1)nccc2N3CCN(CCCN4CCN(CC4)c5ccnc6cc(Cl)ccc56)CC3,1,0,0.0
Clc1ccc2n3cnnc3CN=C(c4ccccc4)c2c1,1,0,1.0
Clc1ccc2nsnc2c1NC3=NCCN3,1,0,1.0
Clc1cccc(Cl)c1NC2=NCCN2,1,0,1.0
Clc1cccc(N2CCN(CCCCOc3ccc4CCC(=O)Nc4c3)CC2)c1Cl,1,1,1.0
Clc1cccc(c1)N2CCN(CCCN3N=C4C=CC=CN4C3=O)CC2,1,0,1.0
Clc1ccccc1C(n2ccnc2)(c3ccccc3)c4ccccc4,1,0,1.0
Clc1ccccc1Cl,0,0,1.0
Clc1sc(cc1)C(=O)NCC2CN(C(=O)O2)c3ccc(cc3)N4CCOCC4=O,1,1,1.0
Clc1sc(cc1)[S](=O)(=O)Nc2ccc(Cl)cc2C(=O)Nc3ccc(cc3)[S](=O)(=O)N4CCOCC4,1,1,1.0
Cn1c(CC(O)=O)cc(C)c1C(=O)c2ccc(Cl)cc2,1,1,1.0
Cn1c(CNc2ccc(cc2)C(N)=N)nc3cc(ccc13)C(=O)N(CCC(O)=O)c4ccccn4,1,1,1.0
Cn1c(ccc1c2ccc3NC(=S)OC(C)(C)c3c2)C#N,1,1,1.0
Cn1c2CCC(Cn3ccnc3C)C(=O)c2c4ccccc14,1,0,1.0
Cn1c2CCN(Cc3nc[nH]c3C)C(=O)c2c4ccccc14,1,1,1.0
Cn1cc(C(=O)[C@@H]2CCc3nc[nH]c3C2)c4ccccc14,1,1,1.0
Cn1cc(c2ccccc12)C3=C(C(=O)NC3=O)c4cn(C5CCN(CC5)Cc6ccccn6)c7ccccc47,1,1,1.0
Cn1ccnc1,1,0,1.0
Cn1cnc(c1Sc2ncnc3nc[nH]c23)[N+]([O-])=O,1,0,1.0
Cn1cnc2N(C)C(=O)N(C)C(=O)c12,1,0,1.0
Cn1cnc2N(C)C(=O)N(CCCCC(C)=O)C(=O)c12,1,0,1.0
Cn1cnc2N(C)C(=O)NC(=O)c12,1,1,1.0
Cn1cncc1[C@@](N)(c2ccc(Cl)cc2)c3ccc4N(C)C(=O)C=C(c5cccc(Cl)c5)c4c3,1,0,1.0
Cn1nc(C)c2C(=NCC(=O)N(C)c12)c3ccccc3F,1,0,1.0
Cn1nnc2ccc(cc12)C(n3cncn3)c4ccc(Cl)cc4,1,0,1.0
Cn1nnnc1SCC2=C(N3[C@H](SC2)[C@H](NC(=O)[C@H](O)c4ccccc4)C3=O)C(O)=O,1,1,1.0
FC(F)(F)C(Cl)Br,0,0,1.0
FC(F)(F)C(F)(F)C(F)(F)C(F)(F)C(F)(F)C(F)(F)C(F)(F)C(F)(F)Br,0,0,1.0
FC(F)(F)C(F)(F)C(F)(F)C(F)(F)C(F)(F)C(F)(F)F,0,0,1.0
FC(F)(F)C(F)(F)C(F)(F)F,0,0,1.0
FC(F)(F)CN1C(=O)CN=C(c2ccccc2)c3cc(Cl)ccc13,1,0,1.0
FC(F)(F)COc1ccc(OCC(F)(F)F)c(c1)C(=O)NCC2CCCCN2,1,1,1.0
FC(F)(F)[C@]1(OC(=O)Nc2ccc(Cl)cc12)C#CC3CC3,1,1,1.0
FC(F)OC(Cl)C(F)(F)F,0,0,1.0
FC(F)OC(F)(F)C(F)Cl,0,0,1.0
FC(F)OC(F)C(F)(F)F,0,0,1.0
FC(F)Oc1ccc(cc1OCC2CC2)C(=O)Nc3c(Cl)cncc3Cl,1,1,1.0
FC1=CNC(=O)NC1=O,0,1,1.0
FCOC(C(F)(F)F)C(F)(F)F,0,0,1.0
F[S](F)(F)(F)(F)F,0,0,1.0
Fc1cc(Br)ccc1CN2C(=O)c3cccn3[C@@]4(CC(=O)NC4=O)C2=O,1,1,1.0
Fc1cc(Oc2ccc(cc2Cl)C(F)(F)F)ccc1NC(=O)NC(=O)c3c(F)cccc3F,1,1,1.0
Fc1ccc(Nc2ncnc3cc(OCCCN4CCOCC4)c(NC(=O)C=C)cc23)cc1Cl,1,1,1.0
Fc1ccc(cc1)C(=O)C2CCN(CC2)CCN3C(=O)Nc4ccccc4C3=O,1,1,1.0
Fc1ccc(cc1)C(=O)CCCN2CCC(=CC2)N3C(=O)Nc4ccccc34,1,1,1.0
Fc1ccc(cc1)C(=O)CCCN2CCC(CC2)N3C(=O)Nc4ccccc34,1,1,1.0
Fc1ccc(cc1)C(=O)CCCN2CCN(CC2)c3ccccn3,1,0,1.0
Fc1ccc(cc1)C(CCCN2CCC(CC2)N3C(=O)Nc4ccccc34)c5ccc(F)cc5,1,1,1.0
Fc1ccc(cc1)C(CCCN2CCC3(CC2)N(CNC3=O)c4ccccc4)c5ccc(F)cc5,1,1,1.0
Fc1ccc(cc1)C(n2ccnc2)(c3ccccc3)c4ccccc4F,1,0,1.0
Fc1ccc(cc1)C2C(=O)c3ccccc3C2=O,0,1,1.0
Fc1ccc(cc1)[C@@H]2CCNC[C@H]2COc3ccc4OCOc4c3,1,0,1.0
Fc1ccc(cc1)n2cc(C3CCN(CC3)CCN4CCNC4=O)c5cc(Cl)ccc25,1,1,1.0
Fc1ccc2OCC[C@]3(NC(=O)NC3=O)c2c1,1,1,1.0
Fc1ccccc1C2=NCC(=S)N(CC(F)(F)F)c3ccc(Cl)cc23,1,0,1.0
IC(I)I,0,0,1.0
N#Cc1ccc(cc1)C(n2cncn2)c3ccc(cc3)C#N,1,0,1.0
NC#N,1,0,1.0
NC(=N)N1CCc2ccccc2C1,1,0,1.0
NC(=N)c1ccc(NN=Nc2ccc(cc2)C(N)=N)cc1,1,0,1.0
NC(=N)c1ccc(OCCCCCCOc2ccc(cc2)C(N)=N)cc1,1,0,1.0
NC(=N)c1ccc(OCCCCCOc2ccc(cc2)C(N)=N)cc1,1,0,1.0
NC(=N)c1ccc(OCCCOc2ccc(cc2Br)C(N)=N)c(Br)c1,1,0,1.0
NC(=O)C(C1CCN(CCc2ccc3OCCc3c2)C1)(c4ccccc4)c5ccccc5,1,1,1.0
NC(=O)C(c1ccccc1)(c2ccc(F)cc2)c3ccc(F)cc3,1,1,1.0
NC(=O)CCCNC(/c1ccc(Cl)cc1)=C/2C=C(F)C=CC2=O,1,1,1.0
NC(=O)CN1CCCC1=O,1,1,1.0
NC(=O)CN1Cc2ccccc2OC1=O,1,1,1.0
NC(=O)C[S](=O)C(c1ccccc1)c2ccccc2,1,1,1.0
NC(=O)Cc1cccc(c1N)C(=O)c2ccccc2,1,1,1.0
NC(=O)N1c2ccccc2C=Cc3ccccc13,1,1,1.0
NC(=O)N1c2ccccc2CC(=O)c3ccccc13,1,1,1.0
NC(=O)NC(=O)Cc1ccccc1,1,1,1.0
NC(=O)NC1NC(=O)NC1=O,1,1,1.0
NC(=O)NO,1,1,1.0
NC(=O)Nc1ccc(cc1)[As](O)(O)=O,1,1,1.0
NC(=O)OC1(CCCCC1)C#C,1,1,1.0
NC(=O)OCC(COC(N)=O)c1ccccc1,1,1,1.0
NC(=O)OCC(O)COc1ccc(Cl)cc1,1,1,1.0
NC(=O)[C@@H]1CCCN1C(=O)[C@H](Cc2[nH]cnc2)NC(=O)[C@@H]3CCC(=O)N3,1,1,1.0
NC(=O)[C@@H]1C[C@]2(NC(=O)NC2=O)c3cc(F)ccc3O1,1,1,1.0
NC(=O)c1ccc(F)c2OC[C@@H](Cc12)N(C3CCC3)C4CCC4,1,1,1.0
NC(=O)c1ccccc1O,1,1,1.0
NC(=O)c1cccnc1,1,1,1.0
NC(=O)c1cn(Cc2c(F)cccc2F)nn1,1,1,1.0
NC(=O)c1cnccn1,1,1,1.0
NC(=O)c1ncn([C@@H]2O[C@H](CO)[C@@H](O)[C@H]2O)c1N,1,1,1.0
NC(=O)c1ncn(n1)[C@@H]2O[C@H](CO)[C@@H](O)[C@H]2O,1,1,1.0
NC(=O)n1c(O)c(C(=O)c2sccc2)c3cc(Cl)ccc13,1,1,1.0
NC(=S)N[S](=O)(=O)c1ccc(N)cc1,1,1,1.0
NC(C(O)c1ccc(O)c(O)c1)C(O)=O,1,1,1.0
NC(CC(=O)c1ccccc1N)C(O)=O,1,1,1.0
NC(CO)(CO)CO,1,1,1.0
NC(CO)C(=O)NNCc1ccc(O)c(O)c1O,1,1,1.0
NC(Cc1c[nH]c2ccc(O)cc12)C(O)=O,1,1,1.0
NC(Cc1cc(I)c(Oc2cc(I)c(O)c(I)c2)c(I)c1)C(O)=O,1,1,1.0
NC(Cc1ccc(cc1)N(CCCl)CCCl)C(O)=O,1,1,1.0
NC(N)=NC(N)=NCCc1ccccc1,1,0,1.0
NC(N)=NCCN1CCCCCCC1,1,0,1.0
NC(N)=NNCCOc1c(Cl)cccc1Cl,1,0,1.0
NC(N)=N[S](=O)(=O)c1ccc(N)cc1,1,1,1.0
NC(N)=Nc1ccc(cc1)C(=O)Oc2ccc3cc(ccc3c2)C(N)=N,1,0,1.0
NC(N)=Nc1scc(CSCCC(N)=N[S](N)(=O)=O)n1,1,1,1.0
NC(N)=O,1,1,1.0
NC(Nc1ccc(Cl)cc1)=NC(N)=NCCCCCCN=C(N)N=C(N)Nc2ccc(Cl)cc2,1,0,0.0
NC1=C(F)C=NC(=O)N1,1,1,1.0
NC1=CC(=CNC1=O)c2ccncc2,1,1,1.0
NC1=CC(=NC(=N)N1O)N2CCCCC2,1,1,1.0
NC1=NC(=O)C(=C(N1)c2ccccc2)Br,1,1,1.0
NC1=NC(=O)C(O1)c2ccccc2,1,0,1.0
NC1=NC(=O)N(C=C1)[C@@H]2CS[C@H](CO)O2,1,1,1.0
NC1=NC(=O)N(C=C1)[C@@H]2O[C@H](CO)[C@@H](O)C2(F)F,1,1,1.0
NC1=NC(=O)N(C=C1)[C@@H]2O[C@H](CO)[C@@H](O)[C@@H]2O,1,1,1.0
NC1=NC(=O)N(C=C1)[C@H]2CC[C@@H](CO)O2,1,1,1.0
NC1=NC(=O)N(C=C1F)[C@@H]2CS[C@H](CO)O2,1,1,1.0
NC1=NC(=O)N(C=C1I)[C@@H]2O[C@H](CO)[C@@H](O)[C@@H]2F,1,1,1.0
NC1=NC(=O)N(C=N1)C2CC(O)C(CO)O2,1,1,1.0
NC1=NC(=O)N(C=N1)[C@@H]2O[C@H](CO)[C@@H](O)[C@H]2O,1,1,1.0
NC1=NC(=O)c2c(CCc3ccc(cc3)C(=O)N[C@H](CCC(O)=O)C(O)=O)c[nH]c2N1,1,1,1.0
NC1=NC(=O)c2ncn(CCC(CO)CO)c2N1,1,1,1.0
NC1=NC(=O)c2ncn(COC(CO)CO)c2N1,1,1,1.0
NC1=NC(=O)c2ncn(COCCO)c2N1,1,1,1.0
NC1=NC(=S)c2[nH]cnc2N1,1,1,1.0
NC1=NCC(O1)c2ccccc2,1,0,1.0
NC1CONC1=O,1,1,1.0
NC1[C@H]2CN(C[C@@H]12)c3nc4N(C=C(C(O)=O)C(=O)c4cc3F)c5ccc(F)cc5F,1,1,1.0
NCC(CC(O)=O)c1ccc(Cl)cc1,1,1,1.0
NCC(CC(O)=O)c1ccccc1,1,1,1.0
NCC(O)=O,1,1,1.0
NCC1(CCCCC1)CC(O)=O,1,1,1.0
NCC1CCC(CC1)C(O)=O,1,1,1.0
NCCCC(N)(C(F)F)C(O)=O,1,1,1.0
NCCCC(O)([P](O)(O)=O)[P](O)(O)=O,1,1,1.0
NCCCCC(NC(=O)C1CCCN1C(=O)C2CSSCC(N)C(=O)NC(Cc3ccc(O)cc3)C(=O)NC(Cc4ccccc4)C(=O)NC(CCC(N)=O)C(=O)NC(CC(N)=O)C(=O)N2)C(=O)NCC(N)=O,1,1,0.0
NCCCCC(NC(=O)C1CCCN1C(=O)C2CSSCC(N)C(=O)NC(Cc3ccccc3)C(=O)NC(Cc4ccccc4)C(=O)NC(CCC(N)=O)C(=O)NC(CC(N)=O)C(=O)N2)C(=O)NCC(N)=O,1,1,0.0
NCCCCCC(O)([P](O)(O)=O)[P](O)(O)=O,1,1,1.0
NCCCC[C@H](NC(=O)[C@@H]1CCCN1C(=O)[C@@H]2CSSC[C@H](NC(=O)CNC(=O)CNC(=O)CN)C(=O)N[C@@H](Cc3ccc(O)cc3)C(=O)N[C@@H](Cc4ccccc4)C(=O)N[C@@H](CCC(N)=O)C(=O)N[C@@H](CC(N)=O)C(=O)N2)C(=O)NCC(N)=O,1,1,0.0
NCCCNCCCCNCCCN,1,0,1.0
NCCCNCCS[P](O)(O)=O,1,1,1.0
NCCN,1,0,1.0
NCCNCCNCCN,1,0,1.0
NCCNc1ccc(NCCN)c2C(=O)c3cnccc3C(=O)c12,1,0,1.0
NCCO,1,1,1.0
NCCS,1,1,1.0
NCC[C@H](O)C(=O)N[C@@H]1C[C@H](N)[C@@H](O[C@H]2O[C@H](CN)CC[C@H]2N)[C@H](O)[C@H]1O[C@H]3O[C@H](CO)[C@@H](O)[C@H](N)[C@H]3O,1,1,0.0
NCC[C@H](O)C(=O)N[C@@H]1C[C@H](N)[C@@H](O[C@H]2O[C@H](CN)[C@@H](O)[C@H](O)[C@H]2O)[C@H](O)[C@H]1O[C@H]3O[C@H](CO)[C@@H](O)[C@H](N)[C@H]3O,1,1,0.0
NCC[S](O)(=O)=O,1,1,1.0
NCCc1ccc(O)c(O)c1,1,1,1.0
NCCc1ccc(O)cc1,1,1,1.0
NCCc1ccc(O[S](O)(=O)=O)cc1,1,1,1.0
NCCc1ccccc1,1,0,1.0
NC[C@@H]1O[C@H](O[C@H]2[C@@H](O)[C@@H](O[C@@H]2CO)O[C@@H]3[C@@H](O)[C@H](N)C[C@H](N)[C@H]3O[C@H]4O[C@H](CO)[C@@H](O)[C@H](O)[C@H]4N)[C@H](N)[C@@H](O)[C@@H]1O,1,1,0.0
NC[C@H](O)c1ccc(O)cc1,1,1,1.0
NC[C@H]1O[C@H](O[C@@H]2[C@@H](N)C[C@@H](N)[C@H](O)[C@H]2O[C@@H]3O[C@H](CO)[C@@H](O[C@H]4O[C@@H](CN)[C@@H](O)[C@H](O)[C@H]4N)[C@H]3O)[C@H](N)[C@@H](O)[C@@H]1O,1,1,0.0
NC[C@H]1O[C@H](O[C@@H]2[C@@H](N)C[C@@H](N)[C@H](O[C@H]3O[C@H](CO)[C@@H](O)[C@H](N)[C@H]3O)[C@H]2O)[C@H](N)C[C@@H]1O,1,1,0.0
NCc1ccc(cc1)[S](N)(=O)=O,1,1,1.0
NCc1ccccc1CC(=O)N[C@H]2[C@H]3SCC(=C(N3C2=O)C(O)=O)CSc4nnnn4CC(O)=O,1,1,1.0
NNC(=O)c1ccncc1,1,1,1.0
N[C@@H](C(=O)N[C@H]1[C@H]2SCC(=C(N2C1=O)C(O)=O)Cl)c3ccccc3,1,1,1.0
N[C@@H](CCC(N)=O)C(O)=O,1,1,1.0
N[C@@H](CCS)C(O)=O,1,1,1.0
N[C@@H](CN(O)N=O)C(O)=O,1,1,1.0
N[C@@H](CO[P](O)(O)=O)C(O)=O,1,1,1.0
N[C@@H](CSO)C(O)=O,1,1,1.0
N[C@@H](CSSC[C@H](N)C(O)=O)C(O)=O,1,1,1.0
N[C@@H](Cc1ccc(I)cc1)C(O)=O,1,1,1.0
N[C@@H]1CN(CC12CC2)c3c(F)cc4C(=O)C(=CN(C5C[C@@H]5F)c4c3Cl)C(O)=O,1,1,1.0
N[C@H](C(O)=O)c1ccc(O)cc1,1,1,1.0
N[C@H](Cc1cc(I)c(Oc2cc(I)c(O)c(I)c2)c(I)c1)C(O)=O,1,1,1.0
N[S](=O)(=O)Cc1noc2ccccc12,1,1,1.0
N[S](=O)(=O)c1cc(C(O)=O)c(NCc2occc2)cc1Cl,1,1,1.0
N[S](=O)(=O)c1cc(Cl)c(Cl)c(c1)[S](N)(=O)=O,1,1,1.0
N[S](=O)(=O)c1cc(c(NCc2sccc2)cc1Cl)c3n[nH]nn3,1,1,1.0
N[S](=O)(=O)c1cc(cc(N2CCCC2)c1Oc3ccccc3)C(O)=O,1,1,1.0
N[S](=O)(=O)c1cc(ccc1Cl)C2(O)NC(=O)c3ccccc23,1,1,1.0
N[S](=O)(=O)c1cc2c(CN(C3CCCCC3)C2=O)cc1Cl,1,1,1.0
N[S](=O)(=O)c1cc2c(NC(=N[S]2(=O)=O)CSCc3ccccc3)cc1Cl,0,1,1.0
N[S](=O)(=O)c1cc2c(NC(CSCC(F)(F)F)N[S]2(=O)=O)cc1Cl,1,1,1.0
N[S](=O)(=O)c1cc2c(NC(Cc3ccccc3)N[S]2(=O)=O)cc1C(F)(F)F,1,1,1.0
N[S](=O)(=O)c1cc2c(NC(N[S]2(=O)=O)C(Cl)Cl)cc1Cl,0,1,1.0
N[S](=O)(=O)c1cc2c(NC(N[S]2(=O)=O)C3CC4CC3C=C4)cc1Cl,1,1,1.0
N[S](=O)(=O)c1cc2c(NC=N[S]2(=O)=O)cc1Cl,0,1,1.0
N[S](=O)(=O)c1cc2c(NCN[S]2(=O)=O)cc1C(F)(F)F,1,1,1.0
N[S](=O)(=O)c1cc2c(NCN[S]2(=O)=O)cc1Cl,1,1,1.0
N[S](=O)(=O)c1ccc(cc1)N2CCCC[S]2(=O)=O,1,1,1.0
N[S](=O)(=O)c1ccc(cc1)[S](=O)(=O)Nc2cccc3c(Cl)c[nH]c23,1,1,1.0
Nc1c(Br)cc(Br)cc1CNC2CCC(O)CC2,1,1,1.0
Nc1c2CCCCc2nc3CCCc13,1,0,1.0
Nc1cc(Cl)c(NC2=NCCN2)c(Cl)c1,1,0,1.0
Nc1ccc(N=Nc2ccccc2)c(N)n1,1,0,1.0
Nc1ccc(O)c(c1)C(O)=O,1,1,1.0
Nc1ccc(cc1)[S](=O)(=O)NC(=O)c2ccccc2,1,1,1.0
Nc1ccc(cc1)[S](=O)(=O)Nc2ccccn2,1,1,1.0
Nc1ccc(cc1)[S](=O)(=O)Nc2ccnn2c3ccccc3,1,1,1.0
Nc1ccc(cc1)[S](=O)(=O)Nc2cnc3ccccc3n2,1,1,1.0
Nc1ccc(cc1)[S](=O)(=O)Nc2ncccn2,1,1,1.0
Nc1ccc(cc1)[S](=O)(=O)Nc2sccn2,1,1,1.0
Nc1ccc(cc1)[S](=O)(=O)c2ccc(N)cc2,1,0,1.0
Nc1ccc(cc1)[S](N)(=O)=O,1,1,1.0
Nc1ccc2cc3ccc(N)cc3nc2c1,1,0,1.0
Nc1cccc(CN2C(Cc3ccccc3)C(O)C(O)C(Cc4ccccc4)N(Cc5cccc(N)c5)C2=O)c1,1,1,1.0
Nc1cccc2C(=O)N(Cc12)C3CCC(=O)NC3=O,1,1,1.0
Nc1ccccc1C(O)=O,1,1,1.0
Nc1ccccc1O,1,1,1.0
Nc1nc(Cl)nc2n(cnc12)[C@H]3C[C@H](O)[C@@H](CO)O3,1,1,1.0
Nc1nc(F)nc2n(cnc12)[C@@H]3O[C@H](CO)[C@@H](O)[C@@H]3O,1,1,1.0
Nc1nc(N)c2nc(CC(CC#C)c3ccc(cc3)C(=O)N[C@@H](CCC(O)=O)C(O)=O)cnc2n1,1,1,0.0
Nc1nc(N)c2nc(c3ccccc3)c(N)nc2n1,1,0,1.0
Nc1nc(N)nc(Nc2ccc(cc2)[As]3SCC(CO)S3)n1,1,1,1.0
Nc1nc(NC2CC2)c3ncn([C@@H]4C[C@H](CO)C=C4)c3n1,1,1,1.0
Nc1nc(Sc2ccccc2)c3ncn(CCOC[P](=O)(OCC(F)(F)F)OCC(F)(F)F)c3n1,1,0,0.0
Nc1nccc2n(cnc12)[C@@H]3O[C@H](CO)[C@@H](O)[C@H]3O,1,1,1.0
Nc1ncnc2n(CCOC[P](O)(O)=O)cnc12,1,1,1.0
Nc1ncnc2n(C[C@@H](O)[C@@H](O)C(O)=O)cnc12,1,1,1.0
Nc1ncnc2n(cnc12)C3OC(CO)C(O)C3O,1,1,1.0
Nc1ncnc2n(cnc12)C3OC(CO[P](O)(=O)O[P](O)(=O)O[P](O)(O)=O)C(O)C3O,1,1,0.0
Nc1ncnc2nc[nH]c12,1,0,1.0
Nc1nnc(c(N)n1)c2cccc(Cl)c2Cl,1,0,1.0
Nc1nnnn1c2ccccc2,1,0,1.0
O.CC(N=C(NC#N)Nc1ccncc1)C(C)(C)C,1,0,1.0
O.CCOC(=O)[C@H](CCc1ccccc1)N[C@H]2CCCN3CCC[C@H](N3C2=O)C(O)=O,1,1,1.0
O.O.C[C@H]1CN(CC[C@@]1(C)c2cccc(O)c2)C[C@H](Cc3ccccc3)C(=O)NCC(O)=O,1,1,1.0
O.O.NCCCC[C@H](N[C@@H](CCc1ccccc1)C(O)=O)C(=O)N2CCC[C@H]2C(O)=O,1,1,1.0
O.O.O.CC1(C)S[C@@H]2[C@H](NC(=O)[C@H](N)c3ccc(O)cc3)C(=O)N2[C@H]1C(O)=O,1,1,1.0
O=C(NC1CCN(CC1)CCc2c[nH]c3ccccc23)c4ccccc4,1,1,1.0
O=C(OC1C(OC(=O)c2cccnc2)C(OC(=O)c3cccnc3)C(OC(=O)c4cccnc4)C(OC(=O)c5cccnc5)C1OC(=O)c6cccnc6)c7cccnc7,1,0,0.0
O=C(OCCN1CCCCC1)C2(CCCCC2)C3CCCCC3,1,0,1.0
O=C(OCc1ccccc1)c2ccccc2,0,0,1.0
O=C(OOC(=O)c1ccccc1)c2ccccc2,0,0,1.0
O=C(c1ccccc1)c2ccccc2,0,0,1.0
O=C(c1ccccn1)c2cnn3c(ccnc23)c4ccncc4,1,0,1.0
O=C1C(CC[S](=O)c2ccccc2)C(=O)N(N1c3ccccc3)c4ccccc4,1,1,1.0
O=C1C(c2ccccc2)C(=O)c3ccccc13,0,1,1.0
O=C1C=CC=C2[C@@H]3CNC[C@H](C3)CN12,1,0,1.0
O=C1CC2(CCCC2)CC(=O)N1CCCCN3CCN(CC3)c4ncccn4,1,0,1.0
O=C1CCC(=O)N1,1,1,1.0
O=C1CCC(N2C(=O)c3ccccc3C2=O)C(=O)N1,1,1,1.0
O=C1CCCCC1,0,0,1.0
O=C1CCCO1,0,0,1.0
O=C1CCc2cc(OCCCCc3nnnn3C4CCCCC4)ccc2N1,1,1,1.0
O=C1CN(CC2N1CCc3ccccc23)C(=O)C4CCCCC4,1,0,1.0
O=C1CN2C3CC(CC2CC1C3)OC(=O)c4c[nH]c5ccccc45,1,1,1.0
O=C1N(C[C@@H]2CCCc3cccc1c23)[C@@H]4CN5CCC4CC5,1,0,1.0
O=C1N([Se]c2ccccc12)c3ccccc3,1,0,1.0
O=C1N(c2ccccc2)c3ccccc3C1(Cc4ccncc4)Cc5ccncc5,1,0,1.0
O=C1N=CN=C2NNC=C12,1,1,1.0
O=C1NC(=O)C(N1)(c2ccccc2)c3ccccc3,1,1,1.0
O=C1NC(=O)C2=C(N1)NC(=O)N2,1,1,1.0
O=C1NC(=O)C2=CNNC2=N1,1,1,1.0
O=C1NC=CC(=O)N1,1,1,1.0
O=C1NCC2(CCN(CCc3ccccc3)CC2)O1,1,1,1.0
O=C1NOC2=C1CCNC2,1,1,1.0
O=C1N[S](=O)(=O)c2ccccc12,1,1,1.0
O=C1Nc2ccccc2N1CCCN3CCN(CC3)C(c4ccccc4)c5ccccc5,1,1,1.0
O=C1Oc2ccccc2C=C1,0,0,1.0
O=C1[C@H]2CCCC[C@H]2C(=O)N1CCCCN3CCN(CC3)c4nsc5ccccc45,1,0,1.0
O=C1[C@H]2[C@@H]3CC[C@@H](C3)[C@H]2C(=O)N1C[C@@H]4CCCC[C@H]4CN5CCN(CC5)c6nsc7ccccc67,1,0,1.0
O=C1c2ccccc2c3n[nH]c4cccc1c34,1,1,1.0
O=C=O,0,0,1.0
O=CCCCC=O,0,0,1.0
O=CN1CCCCC1,1,0,1.0
O=COCc1ccccc1,0,0,1.0
O=[S]1(=O)CCN(CN1)CN2CC[S](=O)(=O)NC2,1,1,1.0
OB(O)O,0,1,1.0
OC(=O)C(=O)Nc1cc(cc(NC(=O)C(O)=O)c1Cl)C#N,1,1,1.0
OC(=O)C(=O)c1ccccc1,0,1,1.0
OC(=O)C(CC(=O)N1CC2CCCCC2C1)Cc3ccccc3,1,1,1.0
OC(=O)C(CC1=CC(=O)Nc2ccccc12)NC(=O)c3ccc(Cl)cc3,1,1,1.0
OC(=O)C(Cl)Cl,0,1,1.0
OC(=O)C(S)C(S)C(O)=O,0,1,1.0
OC(=O)C(c1ccccc1)c2ccccc2,0,1,1.0
OC(=O)C1(CCN(CC1)CCC(C#N)(c2ccccc2)c3ccccc3)c4ccccc4,1,1,1.0
OC(=O)C1=CC(=O)c2ccccc2N1,1,1,1.0
OC(=O)C1=CCCNC1,1,1,1.0
OC(=O)C1=CN(C2CC2)c3cc(N4CCNCC4)c(F)cc3C1=O,1,1,1.0
OC(=O)C1CCn2c1ccc2C(=O)c3ccccc3,1,1,1.0
OC(=O)C1N=C(c2ccccc2)c3cc(Cl)ccc3NC1=O,1,1,1.0
OC(=O)CBr,0,1,1.0
OC(=O)CC(O)(CC(O)=O)C(O)=O,0,1,1.0
OC(=O)CC1=NN(Cc2sc3ccc(cc3n2)C(F)(F)F)C(=O)c4ccccc14,1,1,1.0
OC(=O)CCC(=O)c1ccc(cc1)c2ccccc2,0,1,1.0
OC(=O)CCC(O)=O,0,1,1.0
OC(=O)CCCCC1CCSS1,0,1,1.0
OC(=O)CCCCC1SCC2NC(=O)NC12,1,1,1.0
OC(=O)CCCCCCCC(O)=O,0,1,1.0
OC(=O)CCCCCCCCC=C,0,1,1.0
OC(=O)CCCCCCCCCCCBr,0,1,1.0
OC(=O)CCCc1c[nH]c2ccccc12,1,1,1.0
OC(=O)CCCc1ccc(cc1)N(CCCl)CCCl,1,1,1.0
OC(=O)CCc1cc(I)c(Oc2ccc(O)cc2)c(I)c1,0,1,0.0
OC(=O)CCc1oc(c2ccccc2)c(n1)c3ccccc3,1,1,1.0
OC(=O)CCn1c2CC[C@H](Cc2c3ccccc13)N[S](=O)(=O)c4ccc(F)cc4,1,1,1.0
OC(=O)CN(CCN(CC(O)=O)CC(O)=O)CC(O)=O,1,1,1.0
OC(=O)CN(CCN(CC(O)=O)CC(O)=O)CCN(CC(O)=O)CC(O)=O,1,1,0.0
OC(=O)CN1C(=O)[C@H](CCc2ccccc12)N[C@@H](CCc3ccccc3)C(O)=O,1,1,1.0
OC(=O)CN1C(=O)c2cccc3cccc(C1=O)c23,1,1,1.0
OC(=O)CNC[P](O)(O)=O,1,1,1.0
OC(=O)COC(=O)Cc1ccccc1Nc2c(Cl)cccc2Cl,1,1,1.0
OC(=O)COCCN1CCN(CC1)C(c2ccccc2)c3ccc(Cl)cc3,1,1,1.0
OC(=O)COCCN1CCN(CC1)[C@H](c2ccccc2)c3ccc(Cl)cc3,1,1,1.0
OC(=O)CO[P](O)(O)=O,0,1,1.0
OC(=O)COc1ccc(c(Cl)c1Cl)C(=O)c2sccc2,0,1,1.0
OC(=O)CS,0,1,1.0
OC(=O)CSC(SCC(O)=O)SCC(O)=O,0,1,1.0
OC(=O)CSCC(=O)NC1CCSC1=O,1,1,1.0
OC(=O)Cc1cc(O)ccc1O,0,1,1.0
OC(=O)Cc1ccc(OCC=C)c(Cl)c1,0,1,1.0
OC(=O)Cc1ccc(cc1)c2ccccc2,0,1,1.0
OC(=O)Cc1cccc2ccccc12,0,1,1.0
OC(=O)Cc1ccccc1,0,1,1.0
OC(=O)Cc1ccccc1Nc2c(Cl)cccc2Cl,1,1,1.0
OC(=O)Cc1sc(nc1c2ccc(Cl)cc2)c3ccccc3,1,1,1.0
OC(=O)[C@@H]1CCC[C@@H]2SCC[C@H](NC(=O)[C@@H](S)Cc3ccccc3)C(=O)N12,1,1,1.0
OC(=O)c1c(C(O)=O)c(C(O)=O)c(C(O)=O)c(C(O)=O)c1C(O)=O,0,1,0.0
OC(=O)c1c(I)cc(I)c(NC(=O)CCCCC(=O)Nc2c(I)cc(I)c(C(O)=O)c2I)c1I,1,1,0.0
OC(=O)c1c(I)cc(I)c(NC(=O)CCOCCOCCOCCOCCC(=O)Nc2c(I)cc(I)c(C(O)=O)c2I)c1I,1,1,0.0
OC(=O)c1c(I)cc(I)c(NC(=O)COCCOCCOCC(=O)Nc2c(I)cc(I)c(C(O)=O)c2I)c1I,1,1,0.0
OC(=O)c1c(O)c(nc2ccccc12)c3ccccc3,1,1,1.0
OC(=O)c1cc(I)cc(I)c1O,0,1,1.0
OC(=O)c1cc(Oc2ccc(cc2Cl)C(F)(F)F)ccc1[N+]([O-])=O,0,1,1.0
OC(=O)c1cc(ccc1O)c2ccc(F)cc2F,0,1,1.0
OC(=O)c1cc(nc2ccccc12)c3ccccc3,1,1,1.0
OC(=O)c1ccc(Cl)cc1,0,1,1.0
OC(=O)c1ccc(NC(=O)C(Cc2ccc(O)cc2)NC(=O)c3ccccc3)cc1,1,1,1.0
OC(=O)c1ccc(O)c(O)c1,0,1,1.0
OC(=O)c1ccc(O)cc1O,0,1,1.0
OC(=O)c1ccc2ccccc2n1,1,1,1.0
OC(=O)c1ccccc1,0,1,1.0
OC(=O)c1ccccc1C(=O)Nc2ccc(cc2)[S](=O)(=O)Nc3sccn3,1,1,1.0
OC(=O)c1ccccc1Nc2cccc(c2)C(F)(F)F,1,1,1.0
OC(=O)c1ccccc1O,0,1,1.0
OC(=O)c1ccccc1OC(=O)c2ccccc2O,0,1,1.0
OC(=O)c1cccnc1,1,1,1.0
OC(=O)c1cccnc1Nc2cccc(c2)C(F)(F)F,1,1,1.0
OC(=O)c1nn(Cc2ccc(Cl)cc2Cl)c3ccccc13,1,1,1.0
OC(C(=O)N[C@H]1[C@H]2SCC(=C(N2C1=O)C(O)=O)CSc3nnnn3C[S](O)(=O)=O)c4ccccc4,1,1,0.0
OC(C(O)=O)c1ccccc1,0,1,1.0
OC(C(O)C1CO1)C2CO2,0,1,1.0
OC(C1CCCCN1)c2cc(nc3c2cccc3C(F)(F)F)C(F)(F)F,1,1,1.0
OC(CC(O)/C=C/c1c(nc2ccccc2c1c3ccc(F)cc3)C4CC4)CC(O)=O,1,1,1.0
OC(CC(c1sc(Cl)cc1)C2=C(O)Oc3ccccc3C2=O)c4ccc(Cl)cc4,0,1,1.0
OC(CCCN1CCCCC1)(c2ccccc2)c3ccccc3,1,1,1.0
OC(CCN1CCCC1)(C2CCCCC2)c3ccccc3,1,1,1.0
OC(CCN1CCCCC1)(C2CC3CC2C=C3)c4ccccc4,1,1,1.0
OC(CCN1CCCCC1)(C2CCCC2)c3ccccc3,1,1,1.0
OC(CCN1CCCCC1)(C2CCCCC2)c3ccccc3,1,1,1.0
OC(CCN1CCCCC1)(c2ccccc2)c3ccccc3,1,1,1.0
OC(CNCCCCCCNCC(O)c1ccc(O)c(O)c1)c2ccc(O)c(O)c2,1,1,0.0
OC(CNCCNC(=O)Cc1ccc(O)cc1)COc2ccccc2C#N,1,1,1.0
OC(CNCCNC(=O)N1CCOCC1)COc2ccc(O)cc2,1,1,1.0
OC(CO[P](O)(O)=O)C=O,0,1,1.0
OC(Cc1cccnc1)([P](O)(O)=O)[P](O)(O)=O,1,1,1.0
OC(Cc1cnc2ccccn12)([P](O)(O)=O)[P](O)(O)=O,1,1,1.0
OC(Cn1cncn1)(Cn2cncn2)c3ccc(F)cc3F,1,1,1.0
OC(O)C(Cl)(Cl)Cl,0,1,1.0
OC(c1ccccc1)C(=O)c2ccccc2,0,1,1.0
OC1(CCN(CCCC(=O)c2ccc(F)cc2)CC1)c3ccc(Br)cc3,1,1,1.0
OC1(CCN(CCCC(=O)c2ccc(F)cc2)CC1)c3ccc(Cl)cc3,1,1,1.0
OC1(CCN(CCCC(=O)c2ccc(F)cc2)CC1)c3cccc(c3)C(F)(F)F,1,1,1.0
OC1(CCN(CCCC(c2ccc(F)cc2)c3ccc(F)cc3)CC1)c4ccc(Cl)c(c4)C(F)(F)F,1,1,0.0
OC1=C(C2CCC(CC2)c3ccc(Cl)cc3)C(=O)C(=O)c4ccccc14,0,1,1.0
OC1=CC(=O)C(=CN1)Cl,1,1,1.0
OC1C(O)C(O)C(O)C(O)C1O,0,1,1.0
OC1C(O)C(OC1CO[P](O)(O)=O)N2C(=O)NC(=O)C=C2C(O)=O,0,1,0.0
OC1CCC(CC1)NCc2cc(Br)cc(Br)c2NC(=O)c3sccc3,1,1,1.0
OC1CCN(CCCN2c3ccccc3Sc4ccc(cc24)C#N)CC1,1,1,1.0
OC1N=C(c2ccccc2)c3cc(Cl)ccc3NC1=O,1,1,1.0
OC1N=C(c2ccccc2Cl)c3cc(Cl)ccc3NC1=O,1,1,1.0
OC1N=C(c2ccccc2F)c3cc(Cl)ccc3N(CCC#N)C1=O,1,1,1.0
OC=O,0,1,1.0
OCC(Br)(CO)[N+]([O-])=O,0,1,1.0
OCC(CO)N[C@H]1C[C@](O)(CO)[C@@H](O)[C@H](O)[C@H]1O,1,1,1.0
OCC(NC(=O)C(Cl)Cl)C(O)c1ccc(cc1)[N+]([O-])=O,1,1,1.0
OCC(O)C(O)CO,0,1,1.0
OCC(O)CN1CCN(CC1)c2ccccc2,1,1,1.0
OCC(O)CO,0,1,1.0
OCC(O)COC(=O)c1ccccc1Nc2ccnc3c2cccc3C(F)(F)F,1,1,1.0
OCC(O)COc1ccc(Cl)cc1,0,1,1.0
OCC(S)CS,0,1,1.0
OCC1=CC(=O)C(=CO1)O,0,1,1.0
OCC1OC(CC1O)N2C=C(Br)C(=O)NC2=O,0,1,1.0
OCC1OC(CC1O)N2C=C(C(=O)NC2=O)C(F)(F)F,0,1,1.0
OCC1OC(OC2C(O)C(O)C(O)OC2CO)C(O)C(O)C1O,0,1,0.0
OCC1OC(Oc2ccc(O)cc2)C(O)C(O)C1O,0,1,1.0
OCCCCO,0,1,1.0
OCCN(C(=O)CO)c1c(I)c(C(=O)NCC(O)CO)c(I)c(C(=O)NCC(O)CO)c1I,1,1,0.0
OCCN(CCO)CCO,1,1,1.0
OCCN(CCO)c1nc(N2CCCCC2)c3nc(nc(N4CCCCC4)c3n1)N(CCO)CCO,1,1,0.0
OCCN(CCO)c1oc(c2ccccc2)c(n1)c3ccccc3,1,1,1.0
OCCN(Cc1ccc(Oc2ccc(cc2)[N+]([O-])=O)cc1)C(=O)C(Cl)Cl,1,1,1.0
OCCN1C(=O)C(O)N=C(c2ccccc2F)c3cc(Cl)ccc13,1,1,1.0
OCCN1CCN(CCCN2c3ccccc3C=Cc4ccccc24)CC1,1,1,1.0
OCCN1CCN(CCCN2c3ccccc3Sc4ccc(Cl)cc24)CC1,1,1,1.0
OCCN1CCN(CCCN2c3ccccc3Sc4ccc(cc24)C(F)(F)F)CC1,1,1,1.0
OCCN1C[C@H](O)[C@@H](O)[C@H](O)[C@H]1CO,1,1,1.0
OCCNC(=O)Cn1ccnc1[N+]([O-])=O,1,1,1.0
OCCOC(=O)c1ccccc1O,0,1,1.0
OCCOCCN1CCN(CC1)C(c2ccccc2)c3ccc(Cl)cc3,1,1,1.0
OCCOCCN1CCN(CC1)C2=Nc3ccccc3Sc4ccccc24,1,1,1.0
OCCOCCOC(=O)c1ccccc1Nc2cccc(c2)C(F)(F)F,1,1,1.0
OCCOCCOCCO,0,1,1.0
OCCOCCOCCOCCOCCOCCO,0,1,
OCCOc1ccc(Cl)cc1,0,1,1.0
OCCOc1ccc(cc1)/C(=C(/CCCl)c2ccccc2)c3ccccc3,0,1,1.0
OCCSCCCCCCCCCCSCCO,0,1,1.0
OCCSSCCO,0,1,1.0
OCCc1ccc(O)c(O)c1,0,1,1.0
OCCc1ccccc1,0,1,1.0
OCN1C(NC(=O)NCNC(=O)NC2N(CO)C(=O)NC2=O)C(=O)NC1=O,1,1,0.0
OC[C@@H](O)[C@@H](O)[C@H](O)C(=O)CO,0,1,1.0
OC[C@@H]1CC[C@@H](O1)n2cnc3C(=O)N=CNc23,1,1,1.0
OC[C@H](O)C(=O)N1CCC(=CC1)c2c(F)cc(cc2F)N3C[C@H](COc4ccon4)OC3=O,1,1,1.0
OC[C@H]1O[C@@H](O[C@@H]2[C@@H](CO)O[C@](O)(CO)[C@H]2O)[C@H](O)[C@@H](O)[C@H]1O,0,1,0.0
OC[C@H]1O[C@@H](Oc2cccc3C(C4c5cccc(O[C@@H]6O[C@H](CO)[C@@H](O)[C@H](O)[C@H]6O)c5C(=O)c7c(O)cc(cc47)C(O)=O)c8cc(cc(O)c8C(=O)c23)C(O)=O)[C@H](O)[C@@H](O)[C@@H]1O,0,1,0.0
OC[C@H]1O[C@H](C[C@@H]1O)N2C=C(F)C(=O)NC2=O,0,1,1.0
OC[C@H]1O[C@H](C[C@@H]1O)n2cnc3[C@H](O)CN=CNc23,1,1,1.0
OC[C@H]1O[C@H](O[C@]2(CO)O[C@H](CO)[C@@H](O)[C@@H]2O)[C@H](O)[C@@H](O)[C@@H]1O,0,1,0.0
OC[C@H]1O[C@H]([C@H](O)[C@@H]1O)n2cnc3c(N[C@@H]4CCOC4)ncnc23,1,1,1.0
OCc1c[nH]c2ccccc12,1,1,1.0
OCc1cc(ccc1O)C(O)CNCCCCCCOCCCCc2ccccc2,1,1,1.0
OCc1ccccc1,0,1,1.0
OCc1cccnc1,1,1,1.0
ONC(=O)CCCCCCC(=O)Nc1ccccc1,1,1,1.0
ONC(=O)CCCCCCC(=O)Nc1cccnc1,1,1,1.0
ONC(=O)CO[P](O)(O)=O,0,1,1.0
ONC(=O)c1ccc(O)c(O)c1,0,1,1.0
OO,0,1,1.0
O[C@@H](CC[C@@H]1[C@H](N(C1=O)c2ccc(F)cc2)c3ccc(O)cc3)c4ccc(F)cc4,1,1,1.0
O[C@@H](CNCCCCc1ccc(O)cc1)c2ccc(O)c(O)c2,1,1,1.0
O[C@@H]1CO[C@@H]2[C@@H](O)CO[C@H]12,0,1,1.0
O[C@@H]1Cc2c(O)cc(O)cc2O[C@@H]1c3cc(O)c(O)c(O)c3,0,1,1.0
O[C@H]1CO[C@@H]2[C@@H](CO[C@H]12)O[N+]([O-])=O,0,1,1.0
O[C@H]1Cc2c(O)cc(O)cc2O[C@@H]1c3ccc(O)c(O)c3,0,1,1.0
O[P](O)(=O)C(Cl)(Cl)[P](O)(O)=O,0,1,1.0
O[P](O)(=O)OCC(Cl)(Cl)Cl,0,1,1.0
O[P](O)(O)=O,0,1,1.0
O[S](=O)(=O)CCS,0,1,1.0
O[S](=O)(=O)c1ccc2ccccc2c1,0,1,1.0
O[S](=O)(=O)c1ccc2nc([nH]c2c1)c3ccccc3,1,1,1.0
O[Se](O)=O,0,1,1.0
Oc1c(Cl)cc(Cl)c(Cl)c1Cc2c(O)c(Cl)cc(Cl)c2Cl,0,1,1.0
Oc1c(Cl)cc(Cl)cc1Sc2cc(Cl)cc(Cl)c2O,0,1,1.0
Oc1c(I)cc(Cl)c2cccnc12,1,1,1.0
Oc1cc(Cl)ccc1Oc2ccc(Cl)cc2Cl,0,1,1.0
Oc1cc(O)c2C(=O)C(=C(Oc2c1)c3ccc(O)c(O)c3)O,0,1,1.0
Oc1cc(O)c2C[C@@H](OC(=O)c3cc(O)c(O)c(O)c3)[C@H](Oc2c1)c4cc(O)c(O)c(O)c4,0,1,1.0
Oc1cc(O)cc(O)c1,0,1,1.0
Oc1ccc(C=O)cc1,0,1,1.0
Oc1ccc(C=O)cc1O,0,1,1.0
Oc1ccc(Cl)cc1C(=O)Nc2ccc(cc2Cl)[N+]([O-])=O,1,1,1.0
Oc1ccc(Cl)cc1Cc2cc(Cl)ccc2O,0,1,1.0
Oc1ccc(O)c(c1)[S](O)(=O)=O,0,1,1.0
Oc1ccc(O)cc1,0,1,1.0
Oc1ccc(OCc2ccccc2)cc1,0,1,1.0
Oc1ccc(c2cccnc12)[N+]([O-])=O,1,1,1.0
Oc1ccc(cc1)C(=O)N/N=C/c2oc(cc2)[N+]([O-])=O,1,1,1.0
Oc1ccc(cc1)C2(C(=O)Nc3ccccc23)c4ccc(O)cc4,1,1,1.0
Oc1ccc(cc1)C2(OC(=O)c3ccccc23)c4ccc(O)cc4,0,1,1.0
Oc1ccc(cc1)C2(O[S](=O)(=O)c3ccccc23)c4ccc(O)cc4,0,1,1.0
Oc1ccc(cc1)C2=COc3cc(O)cc(O)c3C2=O,0,1,1.0
Oc1ccc(cc1)C2=Cc3ccc(O)cc3OC2,0,1,1.0
Oc1ccc(cc1)c2sc3cc(O)ccc3c2C(=O)c4ccc(OCCN5CCCCC5)cc4,1,1,1.0
Oc1ccc(cc1[N+]([O-])=O)[N+]([O-])=O,0,1,1.0
Oc1ccc2C(=O)c3c(O)ccc(O)c3C(=O)c2c1O,0,1,1.0
Oc1ccc2C[C@@H]3[C@@H]4CCCC[C@]4(CCN3CC=C)c2c1,1,1,1.0
Oc1ccc2C[C@H]3N(CC[C@@]4(CCCC[C@@]34O)c2c1)CC5CCC5,1,1,1.0
Oc1ccc2C[C@H]3N(CC[C@@]45[C@@H](Oc1c24)C(=C)CC[C@@]35O)CC6CC6,1,1,1.0
Oc1ccc2C[C@H]3N(CC[C@@]45[C@@H](Oc1c24)C(=O)CC[C@@]35O)CC6CC6,1,1,1.0
Oc1ccc2C[C@H]3N(CC[C@@]45[C@@H](Oc1c24)C(=O)CC[C@@]35O)CC=C,1,1,1.0
Oc1ccc2SC(=O)Oc2c1,0,1,1.0
Oc1ccc2[C@H]([C@H](CCc2c1)c3ccccc3)c4ccc(OCCN5CCCC5)cc4,1,1,1.0
Oc1ccc2c(Oc3cc(O)ccc3C24OC(=O)c5ccccc45)c1,0,1,1.0
Oc1cccc(O)c1,0,1,1.0
Oc1cccc2C(=O)c3cccc(O)c3C(=O)c12,0,1,1.0
Oc1cccc2cccnc12,1,1,1.0
Oc1ccccc1,0,1,1.0
Oc1ccccc1C(=O)Oc2ccccc2,0,1,1.0
Oc1ccccc1Cl,0,1,1.0
S=C1N=CNc2nc[nH]c12,1,1,1.0
S=C1SCN(CN1Cc2ccccc2)Cc3ccccc3,1,0,1.0
S=C=NCCc1ccccc1,0,0,1.0
S=[P](N1CC1)(N2CC2)N3CC3,1,0,1.0
[Cl-].Cc1ccc2n3CCNC4CCCc(c2c1)c34.[H+],1,0,1.0
[Cl-].OC(=O)CCCCCC[NH2+]C1c2ccccc2CCc3ccccc13,1,1,1.0
[H+].[Cl-].CC(Cc1ccccc1)NCCn2cnc3N(C)C(=O)N(C)C(=O)c23,1,0,1.0
[H+].[Cl-].CC1(C)CC(=O)N(CCCCN2CCN(CC2)c3ncccn3)C(=O)C1,1,0,1.0
[H+].[H+].[Cl-].[Cl-].COC(CN1CCN(CC1)CC(O)C(OC)c2ccccc2)c3ccccc3,1,1,1.0
[I-].[I-].[I-].CC[N+](CC)(CC)CCOc1cccc(OCC[N+](CC)(CC)CC)c1OCC[N+](CC)(CC)CC,1,0,1.0
[NH4+].[Cl-],0,0,1.0
[Na+].CCCCC(CC)COC(=O)CC(C(=O)OCC(CC)CCCC)[S]([O-])(=O)=O,0,1,0.0
[Na+].CCOc1ccc2ccccc2c1C(=O)N[C@H]3[C@H]4SC(C)(C)[C@@H](N4C3=O)C([O-])=O,1,1,1.0
[Na+].C[C@]12CC[C@H]3[C@@H](CCc4cc(O[S]([O-])(=O)=O)ccc34)[C@@H]1CCC2=O,0,1,1.0
[Na+].[Na+].CC1(C)S[C@@H]2[C@H](NC(=O)[C@H](C([O-])=O)c3cscc3)C(=O)N2[C@H]1C([O-])=O,1,1,1.0
[O-][N+](=O)OCC(CO[N+]([O-])=O)O[N+]([O-])=O,0,0,1.0
[O-][N+](=O)OCC(O[N+]([O-])=O)C(CO[N+]([O-])=O)O[N+]([O-])=O,0,0,0.0
[O-][N+](=O)OCCN(CCO[N+]([O-])=O)CCN(CCO[N+]([O-])=O)CCO[N+]([O-])=O,1,0,0.0
[O-][N+](=O)OCCNC(=O)c1cccnc1,1,1,1.0
[O-][N+](=O)O[C@H]1CO[C@@H]2[C@@H](CO[C@H]12)O[N+]([O-])=O,0,0,1.0
[O-][N+](=O)c1cc(ccc1C(=O)C2C(=O)CCCC2=O)C(F)(F)F,0,1,1.0
[O-][N+](=O)c1ccc(cc1)c2ccccc2,0,0,1.0
[O-][N+](=O)c1ccc2NC(=O)CN=C(c3ccccc3)c2c1,1,1,1.0
[O-][N+](=O)c1ccc2NC(=O)CN=C(c3ccccc3Cl)c2c1,1,1,1.0
[O-][N+](=O)c1ccc2[nH]ncc2c1,1,1,1.0
[O-][N+](=O)c1cncn1CCN2CCOCC2,1,0,1.0
[O-][N+](=O)c1nccn1CC(=O)NCc2ccccc2,1,1,1.0
[O-][N+](=O)c1oc(cc1)/C=N/N2CC(=O)NC2=O,1,1,1.0
[O-][N+](=O)c1sc(NC(=O)c2sccc2)nc1,1,1,1.0
[O-][N+](=O)c1sc(nc1)N2CCNC2=O,1,1,1.0
[O-][n+]1ccccc1SSc2cccc[n+]2[O-],1,0,1.0
[nH]1c2ccccc2c3ccccc13,1,1,1.0
[nH]1c2ccccc2nc1c3cscn3,1,1,1.0
[nH]1cccn1,1,1,1.0
[nH]1ccnc1,1,1,1.0
[nH]1cncn1,1,1,1.0
c1ccc(cc1)C(n2ccnc2)c3ccc(cc3)c4ccccc4,1,0,1.0
c1ccc2cnccc2c1,1,0,1.0
c1cnc2c(c1)ccc3cccnc23,1,0,1.0
